LEI_Code,0W2PZJM8XOY22M4GG883,2138008AVF4W7FMW8W87,2138009Y59EAR7H1UO97,213800DBQIB6VBNU5C64,213800HDJ876ACJXXD05,213800TC9PZRBHMJW403,213800X3Q9LSAKRUWY91,222100K6QL2V4MLHWQ08,254900RNFMDM0P11YR84,2W8N8UU78PMDQKZENC08,391200EEGLNXBBCVKC73,3H0Q3U74FVFED2SHZT16,3M5E1GQGKL17HI6CPN30,485100FX5Y9YLAQLNP12,5299007QVIQ7IO64NX37,529900GGYMNGRQTDOO93,529900HEKOENJHPNN480,529900HNOAA1KXQJUQ27,529900JG015JC10LED24,529900JZTYE3W7WQH904,529900ODI3047E2LIV03,529900OE1FOAM50XLP72,529900RWC8ZYB066JF16,529900S9YO2JHTIIDG38,529900SSGT49ZZSWYE62,529900SXEWPJ1MRRX537,529900V3O1M5IHMOSF46,529900W3MOO00A18X956,529900XSTAE561178282,5493000LKS7B3UTF7H35,5493001BABFV7P27OW30,54930056IRBXK0Q1FP96,5493006QMFDDMYWIAM13,5493007SJLLCTM6J6M37,5493008QOCP58OLEN998,5493009EIBTCB1X12G89,549300C6TUMDXNOVXS82,549300C9KPZR0VZ16R05,549300DYPOFMXOR7XM56,549300GKFG0RYRRQ1414,549300HFEHJOXGE4ZE63,549300L7YCATGO57ZE10,549300NYKK9MWM7GGW15,549300OLBL49CW8CT155,549300Q3OIWRHQUQM052,549300RG3H390KEL8896,549300TK038P6EV4YU51,549300TRUWO2CD2G5692,549300U4LIZV0REEQQ46,5UMCZOEYKCVFAW8ZLO05,635400AKJBGNS5WNQL34,635400C8EK6DRI12LJ39,635400L14KNHZXPUZM19,724500A1FNICHSDF2I11,724500JIWG886A9RRT57,7437003B5WFBOIEFY714,7CUNS533WID6K7DGFI87,7LTWFZYICNSX8D621K86,7LVZJ6XRIE7VNZ4UBX81,7V6Z97IO7R1SEAO84Q32,815600AD83B2B6317788,815600E4E6DCD2D25E30,851WYGNLUQLFZBSYGB56,95980020140005881190,96950001WI712W7PQG45,9695000CG7B84NLR5984,96950066U5XAAIRCPA78,969500STN7T9MRUMJ267,9CZ7TVMR36CYD5TZBS50,9ZHRYM6F437SQJ6OUG95,A5GWLFH3KM7YV2SFQL84,AT0000000000043000VB,B81CK4ESI35472RHJ606,BFXS5XCH7N0Y05NIXW11,DG3RU1DBUFHT4ZF9WN62,DIZES5CFO5K3I5R58746,DSNHHQ2B9X5N6OUJ1236,DZZ47B9A52ZJ6LT6VV95,EV2XZWMLLXF2QRX0CD47,F0HUI1NY1AZMJMD8LP67,F3JS33DEI6XQ4ZBPTN86,FR9695005MSX1OYEMGDF,FR969500TJ5KRTCJQWXH,H0YX5LBGKDVOWCXBZ594,J48C8PCSJVUBR8KCW529,J4CP7MHCXR8DAQMKIL78,JEUVK5RWVJEN8W0C9M24,JU1U6S0DG9YLT7N8ZV32,K8MS7FD7N5Z2WQ51AZ71,LIU16F6VZJSD6UKHD557,LOO0AWXR8GF142JCO404,M312WZV08Y7LYUC71685,M6AD1Y1KW32H8THQ6F76,MAES062Z21O4RZ2U7M96,N1FBEDJ5J41VKZLO2475,N747OI7JINV7RUUH6190,NHBDILHZTYCNBV5UYZ31,NNVPP80YIZGEY2314M97,O2RNE8IBXP4R0TD8PU41,P4GTT6GF1W40CVIMFR43,PSNL19R2RXX5U3QWHI44,R0MUWSFPU8MPRO8K5P83,SI5RG2M0WQQLZCXKRM20,TO822O0VT80V06K0FH57,TUKDD90GPC79G1KOE162,VDYMYTQGZZ6DU0912C88,VWMYAEQSTOPNV0SUGU82
0W2PZJM8XOY22M4GG883,0.9999999999999999,0.20833566953970525,0.7780894974002238,0.3865200236999878,0.409150105616044,0.7438264746080201,0.5372208827929502,0.5240993903229345,0.9438391888289425,0.28826763289648505,0.9715476018432468,0.4982360183636412,0.9537823868164261,0.04499266708840328,0.795078617545993,0.9480061254629529,0.9513985200952182,0.9444734874403803,0.9670678951390265,0.9517813610371753,0.8651902862100744,0.9527344886316895,0.5181551602396788,0.9219989281214057,0.08216133891863144,0.9440910122532487,0.10865919443669994,0.37833779259137285,0.7914979276117354,0.37035776380606933,0.2744234714832809,0.49906308288279866,0.4583442560541265,0.43183921153346805,0.24182050435725552,0.14740841307735222,0.9204110869926703,0.18575643788712495,0.42863882567241507,0.827427775950464,0.271163584780053,0.2614919625626051,0.5560829874118386,0.19888396709694683,0.9340525419937556,0.12113537680631557,0.8280312457926188,0.5486972617855552,0.3086179219979115,0.3370235071531748,0.8035567126230302,0.8162062236919223,0.5109160669639725,0.5384059004649395,0.317876268739338,0.939865582800925,0.4416718502204335,0.6101298232709818,0.841652609811092,0.8819496981055823,0.19102842177113905,0.27328907093571386,0.4402316508379757,0.20977853298449115,0.03755001201796159,0.8546899594714169,0.9512381912690248,0.7640502758139033,0.8539752020912811,0.5664985746421112,0.5149961984402849,0.9124254700436547,0.9244943540021298,0.4955338433661165,0.26873857866089074,0.9766525329112311,0.9244132764764853,0.9455185095318362,0.9731509621689007,0.4502403256073163,0.8748109483881232,0.8949797557701203,0.7083788231981755,0.9462749691464244,0.4104738384337012,0.30065562212229396,0.44002859805166317,0.36404326668135534,0.29209113371294154,0.9596066123778622,0.34695882887163515,0.9584318315423365,0.33783666803676915,0.9015280777432106,0.2644280366293044,0.29081247472866256,0.9482313707690095,0.3813338171395375,0.5300062114147207,0.32070685720231634,0.3878182069894447,0.5017871639291129,0.4775473990256832,0.5990909216593582,0.9168229049746984,0.9695767755847068,0.5132757710751338
2138008AVF4W7FMW8W87,0.20833566953970525,1.0,0.7087254335976049,0.6607585246204719,0.8729035111518662,0.4130696933893214,0.8086360001836118,0.839342056684161,0.15548078842999474,0.8478532333996038,0.19909334640522133,0.8540851526634876,0.3350565986308881,0.33119500522054884,0.2225355497514307,0.15452593979036577,0.1538669463716047,0.4187378469300545,0.35954050231455675,0.2632984344022939,0.5915646424245611,0.25805501008134685,0.5787076540300152,0.4066545979378351,0.5889844668404787,0.28589244751783277,0.6014594342795794,0.8930612147936607,0.5963811613012219,0.8442899791379069,0.8737409342649557,0.8249299909215948,0.7844966664133218,0.8059734756068216,0.7629380251663825,0.1088823591318248,0.4345984521570819,0.5861477756688345,0.7522810991903346,0.5956070405604574,0.09488079900239707,0.24176021192374167,0.7613180743465647,0.890509926122353,0.39928384671053946,0.8535537750796116,0.6564492043370269,0.799827484769678,0.6430104753532956,0.6209105204095273,0.5770546355962681,0.5993844909789079,0.6322355533534497,0.25699861156663323,0.5096066500018432,0.46932310821071066,0.7837143722306394,0.46472598571562684,0.5064818031324577,0.4741248588888476,0.8196462458183188,0.8627616649252703,0.7691507701665952,0.8634615937440544,0.5151851777722134,0.45910098058046656,0.2992111076866149,0.543210125816019,0.4588742431926058,0.769483341921413,0.6667925394752918,0.3949198494897512,0.4231134926855946,0.4943009478449237,0.8586205335707757,0.31417625510179553,0.34655784189331007,0.15123054266241795,0.17340270754320952,0.6358142445229259,0.48166825543723013,0.4515680454913333,0.7495097458157837,0.15185006272278678,0.8580338900052648,0.8808812513377335,0.7057375336635008,0.8630537573422689,0.8479343609658629,0.31456907787705585,0.9152692702321684,0.30672897915209885,0.7536885578100097,0.49888699267237313,0.7290555865539053,0.8540758921016122,0.22021009419965748,0.924578086534572,0.6786486123395535,0.8297970143126429,0.5968508353930776,0.8196780059378203,0.7917857124121404,0.8206963081809372,0.2568820893580672,0.2997269654743184,0.8066949560675045
2138009Y59EAR7H1UO97,0.7780894974002238,0.7087254335976049,1.0,0.6923249934737795,0.7901553417221359,0.6975403617221928,0.8579327435073782,0.8221071214457428,0.6799139519189269,0.689686077908636,0.7423015539930582,0.865464649484595,0.8161845588374111,0.24656251778817892,0.7091069980437374,0.6868658887304069,0.6844429260848713,0.8452028690771286,0.8278227462842807,0.7735005051669791,0.8958849962282129,0.7530740070021069,0.7157278127813085,0.8183252596826007,0.5179905548976256,0.7742040662371935,0.384860621775736,0.7984381612136706,0.8702747020828212,0.7475576676807386,0.7029713767210871,0.8235461161256818,0.8104260041843108,0.7697617926849315,0.6047794786942946,0.16387984978850945,0.8492022036130911,0.35915892580484104,0.8187841248277183,0.9424707519846277,0.3716708607856918,0.4343784760932515,0.8340736556515059,0.6683090829239046,0.8567624811036906,0.6807021253589752,0.9411361917445256,0.8264559913103985,0.570634993612601,0.6472999181447312,0.8615305503935634,0.8910781009126679,0.7464414593533827,0.5280623188796079,0.5650825008584343,0.8924119217404614,0.7731217697160925,0.6618003488964445,0.8616101085994348,0.8900832448794777,0.5689568894228677,0.643492201118524,0.6990931937249641,0.6745031472196994,0.44312981372480176,0.8567561451993475,0.8101459643696027,0.8374483508173168,0.802032266106404,0.8575831922158554,0.7769014563039829,0.8158455584648593,0.8338386542490981,0.6819431223539647,0.7363949743826826,0.8030251056984813,0.8235789763106104,0.6807026426883085,0.7171021906915428,0.7218813160495793,0.8615715103028122,0.8635727927706099,0.9353743235105668,0.6826599490936059,0.7559379418595851,0.6874976415004918,0.7579926445009237,0.7651244929335295,0.6813453683727331,0.7937397660952475,0.7300548908575537,0.7913090230123488,0.6943630677245888,0.8737882228633131,0.5499674841715391,0.6669272861849058,0.7233473337858456,0.7637670425232329,0.7734478646385825,0.7032296751755469,0.6333614795032013,0.8268513727923155,0.7909277800343995,0.8932809826708807,0.8133516297515283,0.7927590347996163,0.8520914977987012
213800DBQIB6VBNU5C64,0.3865200236999878,0.6607585246204719,0.6923249934737795,1.0000000000000004,0.8445439968051955,0.3512041853927074,0.7607678220555782,0.794845963530507,0.22583629186567084,0.8037411188724006,0.29255764411567936,0.7791383113090999,0.3778420833578266,0.3058044895680778,0.29655647091825976,0.22251351278812237,0.21774325288873353,0.5140083481184443,0.4345538164974967,0.31312565131562803,0.5959762532707928,0.3014651792640328,0.7630671901569208,0.473731476104263,0.5254128922725603,0.326497297583196,0.5059385705595433,0.8357974710005429,0.5917145362873524,0.7892898466555897,0.8406440166840263,0.8465635811057326,0.7523091765908901,0.7465625146749473,0.6493604355625648,0.137686333141157,0.3929496362544296,0.6139282990021947,0.5017575004844341,0.6272547500427844,0.6120517732033669,0.2557093393416515,0.8341804006777953,0.7327558713362908,0.44700257096080265,0.7436060788743679,0.6818650008405444,0.7575985415925637,0.6493382399746263,0.9801208825536726,0.7551978076466145,0.5926105716138839,0.7986441166307114,0.4844321928692469,0.6367866643417193,0.5444164597626323,0.8421802857154818,0.485677186464936,0.49446829556065447,0.4535751488024836,0.6881783710816212,0.7269283305257015,0.773737025592223,0.755889269080374,0.4529976632177657,0.4666265959249588,0.39293589872079443,0.6584976629402067,0.39748439719336587,0.7543816702162918,0.6115423366574587,0.44487279478916025,0.4780258031853085,0.553506367583976,0.5348456139854928,0.43196681921817903,0.5352438926353061,0.21193074280669488,0.2593715940548836,0.6792275031794527,0.5911567423953913,0.49872883506820825,0.7333648085362703,0.21646006188641856,0.7638095558114907,0.746431669806085,0.9860558685096463,0.8197786195716092,0.8348912337772226,0.36947602905142163,0.7735638292031939,0.3550018201303371,0.9793383098271115,0.5339394739543859,0.6647927831410829,0.7449909301751684,0.26884766812822086,0.7447891360659823,0.7939531943069011,0.8051535984753853,0.613618235938211,0.7787689746063586,0.8482461869146924,0.8348084367178141,0.5580020487778861,0.46987952129943017,0.7773036730498387
213800HDJ876ACJXXD05,0.409150105616044,0.8729035111518662,0.7901553417221359,0.8445439968051955,0.9999999999999997,0.4853977359241342,0.9322027335034752,0.9407739177968425,0.3249634177900429,0.9540123399954094,0.386156780667262,0.9451101795608684,0.5035175007262396,0.3773008298417774,0.3879437596481831,0.3260185050000133,0.3244019469898245,0.6144877988299746,0.5385654328116498,0.4474070969321615,0.7403154978693245,0.4291439886540987,0.7218529776869931,0.5876357959578101,0.7218895414059225,0.4673409722484349,0.6836601071737015,0.9799229387252151,0.764008086008734,0.9734630759089036,0.9765936630142134,0.9437605032274693,0.9392854580722242,0.8340033172710911,0.8694821594432015,0.1294990104633919,0.5495158428136933,0.6259215005833433,0.6826706621014117,0.7225115709483236,0.29507874024314595,0.359887358547695,0.9521495251841904,0.937212951496206,0.5421030353225486,0.8656881819665379,0.8141608659739908,0.9503173881152056,0.7157880820761044,0.8106341130699862,0.7428752195602272,0.722199721109728,0.7866420952288543,0.3916318506896221,0.6594675091293327,0.6519541718406601,0.9115931836567601,0.6205202596736743,0.6761823620139297,0.5470261849052203,0.894498421440711,0.9208360737414893,0.9030005243913694,0.8775936401891157,0.6426129681702824,0.6028300200451617,0.49827463717852044,0.7400488871672025,0.579179099670057,0.9373111370159362,0.7853579743946627,0.5525317110835251,0.6199241363433025,0.5993130255055779,0.6768967833512635,0.5170140480867761,0.5374438718140465,0.3212051153254219,0.3498044761642447,0.8048876059760667,0.6864019176657797,0.6361395735774187,0.8626861982523825,0.32328387606110487,0.9624130454000984,0.9519131918587312,0.8975617898717303,0.9791881088718333,0.957700871327754,0.49168187534783514,0.9476473548821478,0.4821819896934217,0.8837027467210611,0.6767440197549113,0.8437897327856382,0.9314785008539841,0.38814759691012557,0.9580100176537126,0.8669647762165416,0.9532622072650607,0.7372097661770691,0.9617752770475267,0.9304381837294701,0.9577596455235023,0.4996359212924579,0.480818974787916,0.9423762004577863
213800TC9PZRBHMJW403,0.7438264746080201,0.4130696933893214,0.6975403617221928,0.3512041853927074,0.4853977359241342,1.0,0.569116718456255,0.6511526502717371,0.7841096343292256,0.3471499074560222,0.7917059385499876,0.526329304566722,0.7878893853790465,0.10482792854046621,0.6477236361118872,0.7710730179934164,0.7744551218455791,0.7503896709362664,0.8159158803271643,0.8198108508821788,0.7500547225528126,0.8231248737621463,0.6889725035372638,0.7956925798270822,0.15171100972946666,0.8152109168346062,0.20558641582580836,0.4232379619727257,0.7766784239567427,0.40997294734190487,0.35426256858582567,0.5685574513422018,0.4808136699070742,0.5181551752740232,0.31749182567125256,0.16811623656968674,0.8713015114181625,0.059069542942612345,0.643547230065954,0.7822785506262134,0.10722747560301889,0.34496609033136066,0.4542111331348845,0.35361539720535584,0.8518443182925218,0.2853774392970428,0.77647608478633,0.5506406889159252,0.42692566243016244,0.23171203645999516,0.6868931009232915,0.6972091807937716,0.679467379001139,0.34338648336536237,0.20128579076712572,0.7815319130962222,0.49946191046448835,0.5557621242964985,0.856580603273172,0.8014352342880936,0.21750161048508868,0.36376531660103356,0.3576557169438017,0.290396319466681,0.10402216035673532,0.7947210110227537,0.8251123057213685,0.687260410444167,0.9199831586669328,0.5407677540331831,0.6569770151838906,0.8963312119005634,0.7686705198187084,0.45660770587699784,0.25653230978940444,0.7552012733370592,0.6596352658836688,0.7747502208372488,0.7794923609272911,0.3864541986713895,0.711229398191544,0.8124756553144218,0.626723677386748,0.7754095692767289,0.48992087926694095,0.38082876827938394,0.4067343884704765,0.4796659378805861,0.3099150766016573,0.785956892055056,0.5231066709927307,0.800107572420687,0.3673488520161172,0.7604452635416165,0.2281367282180633,0.3664953738758715,0.8077591838363138,0.5225759061387074,0.44601443712900724,0.3064692809739065,0.38751087893036645,0.5026499752946846,0.515717779795935,0.6485504315748102,0.7188269926643234,0.7101004137164355,0.6016519895239032
213800X3Q9LSAKRUWY91,0.5372208827929502,0.8086360001836118,0.8579327435073782,0.7607678220555782,0.9322027335034752,0.569116718456255,1.0,0.9584449725458072,0.45767135379227714,0.923437183215908,0.5349744421849676,0.9709805520827921,0.6402633836408699,0.4102646769067512,0.5768523847258863,0.47804971788627343,0.46309338983040554,0.7206907172991937,0.6598811524367083,0.5859455178949788,0.8308216622715499,0.5651228293191097,0.7162665233123579,0.7141219842950414,0.6717051917581234,0.6098187738401166,0.6105714704862765,0.9381415791159469,0.8658505853396093,0.9416275232977812,0.9016492037758289,0.9603380752204018,0.9291256197609075,0.874443945212033,0.8366054136187266,0.23081890676919511,0.6630190024352004,0.5573468125692549,0.7974068164603454,0.8242206158122102,0.25725464117989466,0.5243013928319602,0.9322074542739981,0.9027688257559681,0.6655997093991978,0.8340971896948447,0.8923362084926004,0.9661593388444856,0.7794722181322632,0.7215088726434852,0.7880470543733369,0.8175740033248503,0.76816160065424,0.5088358682753341,0.7039890049201902,0.7648053011834334,0.9338843676351045,0.7705740045420009,0.8029852939435356,0.660965041318701,0.8321628886094861,0.8806603246375214,0.8820373319783685,0.8750268456569279,0.5814939292272285,0.7768790810883349,0.6452287386193053,0.8571642292884043,0.7006074119440502,0.9659392764498019,0.919483242113431,0.6558715394875444,0.7397101044070805,0.7326065241902764,0.6833299003464867,0.639472418837302,0.6417526424919062,0.46024477358094074,0.4996921871591218,0.8620334822629199,0.8119015625074538,0.7779597685130314,0.932269154581583,0.4599783075537586,0.9484568766508349,0.909573599634328,0.8255822080546563,0.9369688697726856,0.9003701957103974,0.6102395612357558,0.8917611893308932,0.608125432998429,0.8029015082624799,0.789785948578382,0.8133450271686278,0.9017975881719507,0.5270940436972261,0.920881567215401,0.893619817992394,0.8995984135579227,0.8322540826986553,0.9746226593051143,0.9393587517379497,0.971038013132164,0.6158018655958609,0.5957219247023386,0.9640913345220005
222100K6QL2V4MLHWQ08,0.5240993903229345,0.839342056684161,0.8221071214457428,0.794845963530507,0.9407739177968425,0.6511526502717371,0.9584449725458072,0.9999999999999999,0.47035467906069184,0.9215765907601623,0.5283735468355973,0.9464284618101758,0.6315216583600501,0.3658971686045892,0.5569829464836877,0.4702651873410045,0.4657498569259982,0.7051746431526092,0.66103051725522,0.5795955859972689,0.8328980224149045,0.5681490145864183,0.7750750836880647,0.708462510964307,0.5744456890598469,0.6073271511718955,0.6474434772883778,0.9228158648995072,0.8711611368467135,0.9337912707528201,0.8994267343560419,0.9692636650792411,0.8873501369342326,0.8682922178915309,0.7998064661198506,0.200381777389139,0.67617803767148,0.592317449730906,0.7640520398807621,0.8053381557539908,0.24617447631302222,0.463034796639572,0.9061939520513725,0.8976519791076439,0.6707367968608571,0.7918555162433949,0.8912632762954819,0.9578740016384483,0.7992341665285048,0.7220810733827238,0.7879338148331525,0.8249293523654629,0.8393260907970587,0.4282184987093664,0.6809341405238073,0.7428884624162289,0.9415571243690838,0.7420601933647153,0.7994716395241112,0.6592925769183706,0.8381683098924251,0.9123360163864714,0.880002266561242,0.8661072842120505,0.47500161555984644,0.7460648392376813,0.6373016591992187,0.8413437805386212,0.7267149281987273,0.9322076218572153,0.8612179765151536,0.6903419558375139,0.7361074012576097,0.6847189489019953,0.6434944930045201,0.6303197631844593,0.6015839797891144,0.4632016503889353,0.49454238664851274,0.8436536221322981,0.7857555229167471,0.7593125192564321,0.9026963166095067,0.46409984706717367,0.9594401000958962,0.9234007048183237,0.837125122485539,0.946651949106173,0.8977957482585106,0.6072673939604074,0.9522315400937421,0.6034767034263839,0.834773557499788,0.7833409987811402,0.8229822095406497,0.9199469893461335,0.5348456733764536,0.955045982689402,0.8530042507601804,0.8953672667290791,0.8096940209970421,0.9560187122602517,0.9419213170392455,0.9771703320352496,0.5974749053100652,0.5732618837775691,0.9517553131348305
254900RNFMDM0P11YR84,0.9438391888289425,0.15548078842999474,0.6799139519189269,0.22583629186567084,0.3249634177900429,0.7841096343292256,0.45767135379227714,0.47035467906069184,1.0,0.189367615550722,0.9869883324631151,0.42061091647570525,0.9696517204800185,0.02585152442232717,0.7542035467448464,0.9942436892960691,0.9973626340612906,0.90534043495117,0.9611839061285494,0.9828230505993115,0.8407466227499841,0.9894012926936808,0.49349182615502235,0.9045210903881906,0.03567504780190365,0.9768576660439109,0.06887860294298798,0.2744297860683438,0.7802769253436509,0.2946748203633865,0.16179082664389008,0.4078448494052818,0.3943348926428338,0.2733107159942195,0.15591624979642657,0.1258494683960465,0.9436836237912452,0.022937856938388734,0.3881791244049474,0.741341719711804,0.1353449028524145,0.2270974858803574,0.43535845125947903,0.12323055673633866,0.9113936694078358,0.02508160914471446,0.757183744232865,0.4880513730707975,0.219942930504897,0.14170690173257902,0.6741574551476652,0.7828452923289438,0.4945569809910198,0.32608373261729584,0.15800685871878473,0.8925734310108372,0.33361645603868206,0.5960338668380855,0.8464634019000705,0.882207311245464,0.14495663812406148,0.21246316693605677,0.323509728436237,0.13752498605821425,0.01211035572228178,0.8554169411287533,0.9548499078621425,0.675812249659144,0.8723121134364561,0.5037434132785197,0.4416166422522852,0.9408999789758464,0.91193339459399,0.42224108233159185,0.21201845177789294,0.9464677296957293,0.7844538474548699,0.9989262510656303,0.9827782191772859,0.3432113390006303,0.8245279648477994,0.8866842442146486,0.6379420110538465,0.9988616898937719,0.3548625343405322,0.24950944493012386,0.29759758121459673,0.3102813073461757,0.18200070987782085,0.9789168726544614,0.3171971195846316,0.9816051521716468,0.17359211586930898,0.8908715635350843,0.19028042869104805,0.22622531095449291,0.9957099729822128,0.3442776138336904,0.41618507859002607,0.21908289548453577,0.28525524540368447,0.42229230221912123,0.37099911294604543,0.5163162166736511,0.833656813087373,0.8758172170839236,0.43579882952356686
2W8N8UU78PMDQKZENC08,0.28826763289648505,0.8478532333996038,0.689686077908636,0.8037411188724006,0.9540123399954094,0.3471499074560222,0.923437183215908,0.9215765907601623,0.189367615550722,0.9999999999999999,0.27128748074576425,0.932580981125827,0.3958799546951025,0.3837740954149414,0.3596261417055196,0.1961551582803256,0.19161406668243844,0.5146931330544271,0.42374942313404623,0.3188898245490196,0.6622808927902479,0.3017634491926172,0.5924891605372513,0.4885539017239231,0.6630437146003004,0.35944833526717046,0.7512451539237951,0.9589415622750888,0.7184232622133887,0.9824363056684581,0.9701901875653366,0.9239130825391746,0.8843573746127578,0.834749487311516,0.8877144486885875,0.14453922275785616,0.4119150901693249,0.7356667661083136,0.6381716175308948,0.6483654732112833,0.222473349837371,0.4676866010538283,0.9261884751110689,0.9515830490301475,0.41255618369086416,0.8732132180497457,0.7311035663798428,0.9442407819866758,0.7640813209275573,0.784231732358971,0.6634743245946358,0.6566490438946473,0.6892951055583326,0.41879666090745477,0.7486276386791316,0.5531888679501468,0.9168823508169639,0.6181328781245903,0.6025653403727211,0.40982392323737565,0.9404419101265715,0.9701552065955334,0.9440170194552454,0.9102105835246276,0.5628431736060886,0.5266656675334803,0.39679001503107747,0.7326267204384045,0.46423851462003357,0.9208462955397845,0.7689665187855806,0.4141927441972657,0.5474516270146136,0.6012566935360356,0.6618904438671217,0.4178518814871538,0.46227334870849623,0.18781072619197334,0.23053529929250838,0.8743057024686284,0.6314939639453417,0.5421980671864528,0.8178145249646198,0.18880180351194736,0.9659747747621981,0.9679940522559322,0.839202774601064,0.9433744553353788,0.9758278471087912,0.3677105179420707,0.9220258826006503,0.3572299081906963,0.8501815911372286,0.6023919525550007,0.9337944017475728,0.9792564544717866,0.26058181493229843,0.9355088584671298,0.8428466738772492,0.9723828909119003,0.860735900713404,0.9529879029585132,0.9180017847766552,0.9031758355883893,0.40251302557205015,0.381434117780622,0.9176995482289853
391200EEGLNXBBCVKC73,0.9715476018432468,0.19909334640522133,0.7423015539930582,0.29255764411567936,0.386156780667262,0.7917059385499876,0.5349744421849676,0.5283735468355973,0.9869883324631151,0.27128748074576425,1.0,0.49379870298122835,0.9851136037412195,0.05081047644918434,0.8032515914723456,0.9881974176285218,0.9901897553688547,0.9367206462940647,0.9803556379550789,0.9909525884577111,0.8729789314185977,0.9925911863391628,0.507279193019729,0.9315270025925664,0.08220050388702548,0.9898730778484587,0.11644278159786285,0.344731288954759,0.8332939280323808,0.36607607104042317,0.23504252711789297,0.47322274068224834,0.45432972943884564,0.3595126528666583,0.23372702712624227,0.14950461952569274,0.9540025992961241,0.0937582521790521,0.4518515212711242,0.8162504680838665,0.18074438631001669,0.3324944273502555,0.5107819781404007,0.19006321144191826,0.9377133746187645,0.10686486134233333,0.8119470226103779,0.5554024576462835,0.2858383051239121,0.22049155276731125,0.7354391246182186,0.8143929294888693,0.5231802463925967,0.42453053319383016,0.2547832026292754,0.9327467844329299,0.4052938840303348,0.627494838886816,0.8919214710735075,0.8980649050666196,0.194156218318928,0.2753353823787706,0.4002754834870819,0.19481136690869535,0.04339149116606075,0.8914511049651554,0.9833420353902214,0.7516093995604853,0.8959915562273609,0.5758447734314952,0.5249395211627124,0.9492455915588985,0.9474594493965853,0.4784359074453595,0.25168739507713744,0.9750347140143125,0.8518682328787214,0.9883772647363649,0.9933999529339888,0.4383057165328587,0.8721236907663136,0.9180163001711321,0.6969202270303319,0.9883674307557798,0.4147358796373583,0.30403293861883746,0.36215969475083654,0.3635250803825124,0.24955594613307874,0.9855205899903849,0.35555638461238237,0.9886255576890471,0.2429747219262304,0.9243109260543142,0.25561445088751567,0.2943161714535251,0.9909945663651625,0.38996004521269356,0.4838014339445053,0.28738026275259737,0.3954982653438552,0.48991338914602284,0.4379621291309561,0.5802024215938836,0.8904318677165147,0.9202379713799748,0.5145612015517039
3H0Q3U74FVFED2SHZT16,0.4982360183636412,0.8540851526634876,0.865464649484595,0.7791383113090999,0.9451101795608684,0.526329304566722,0.9709805520827921,0.9464284618101758,0.42061091647570525,0.932580981125827,0.49379870298122835,1.0000000000000002,0.6116983364569444,0.4947747163444913,0.570331488296265,0.42411370135827575,0.4213519318859236,0.7052963997399713,0.6236710960444592,0.5466826075827966,0.803698981374344,0.5273039719029778,0.6832554082915904,0.6657970649867291,0.6849744168671928,0.5738973882309787,0.6163230004430271,0.962053639782032,0.8511299400741721,0.9495729377170088,0.9155059215703377,0.9413480694678479,0.9554864378491165,0.84562159647197,0.8319606825340786,0.3059333386883473,0.6358497617981401,0.5788986664619843,0.7906243709852033,0.8110603881058642,0.2537350581235659,0.5216867024396842,0.9303922379932866,0.902740040280082,0.6222923707462621,0.878715020787787,0.863215160430676,0.9656618450037655,0.7183698563341886,0.7417817986376029,0.7689478296583028,0.8090723598614841,0.7731305319800799,0.455838223701688,0.6996059839386428,0.7305091100270102,0.9110939453040932,0.7142681258023647,0.7750457953663746,0.6474207674246231,0.855769405730577,0.8957544237651572,0.8962469100881438,0.8807463030413013,0.5944645603494196,0.7518139351250704,0.6057139642062804,0.8204293354783037,0.6602402825822101,0.9675811561967864,0.8278838738283208,0.6251453058062106,0.7119404453834207,0.6661682256301229,0.7554656805553376,0.5996519441455862,0.6185324770340771,0.41944870676466456,0.4530018748165412,0.8769392779192968,0.7672819872977448,0.7257638408104022,0.9293838448884486,0.42086554119685754,0.9548682491450989,0.9296526799118793,0.8347564065803216,0.95045100106504,0.9150807383556436,0.5792485307555413,0.9126604942849501,0.5733424097900858,0.8106385491359395,0.763453274867991,0.8191927612202518,0.9232652873550171,0.48918875263949113,0.9360195926871915,0.905868154324864,0.913050504762546,0.8227120425981381,0.9697053804691406,0.915281429618962,0.9651876674768728,0.5833501210296748,0.5586197976076435,0.969338440268828
3M5E1GQGKL17HI6CPN30,0.9537823868164261,0.3350565986308881,0.8161845588374111,0.3778420833578266,0.5035175007262396,0.7878893853790465,0.6402633836408699,0.6315216583600501,0.9696517204800185,0.3958799546951025,0.9851136037412195,0.6116983364569444,0.9999999999999998,0.11050433343917329,0.815069481819037,0.969675955163037,0.9703571597765044,0.9605324684447352,0.9915417332669387,0.9894805754326342,0.9311832215477098,0.9881298140139535,0.5607601336056222,0.9482853015361369,0.19029505086451562,0.993264586663197,0.20618077643062063,0.47045999939820476,0.8919700595333799,0.490458820603112,0.35879268552131816,0.5788157336654614,0.5663598534946549,0.4475138992008819,0.33906939741353515,0.15658195148937915,0.974013361207065,0.1751758873133238,0.5364158738540894,0.8584670935595717,0.18963710066266265,0.36088020574136553,0.6131279177290296,0.3242177326268273,0.9481325019265496,0.23944762389561688,0.8742375302715524,0.6630068652143334,0.3671078685065845,0.3032069913227193,0.7727609572638572,0.8860629745802252,0.5912969828688955,0.42042597026012385,0.3355705801267332,0.961041703213057,0.509985420542503,0.6874094425817684,0.9280593356573755,0.9302256673539022,0.3335191410204122,0.40394409750234644,0.5073420227377211,0.3355849052242795,0.14179184719474117,0.9281249938256895,0.985442395996878,0.7989293372789311,0.90919514502583,0.6814503636694428,0.591350542608194,0.9595463652904299,0.9744615298167424,0.5415826298511716,0.38543927011330587,0.9778632337471052,0.8525630092547463,0.9709372904265325,0.9702425350968398,0.5373477371444105,0.913983684454508,0.9496873306597733,0.7892126492165255,0.9710001772994229,0.5369423551085022,0.4367117649359241,0.45434562423560637,0.4881369190224252,0.37650702592044255,0.9942295816334464,0.48049892303817254,0.99491405983728,0.33771323127477854,0.9683511139867099,0.37346430710547673,0.4224995873336944,0.9832024287739477,0.5170331246580212,0.5745704633079072,0.4171948740665375,0.4768372100863595,0.6061067109067088,0.5404018047966024,0.678944545482798,0.8832668275511635,0.9097035933213381,0.6157963328919813
485100FX5Y9YLAQLNP12,0.04499266708840328,0.33119500522054884,0.24656251778817892,0.3058044895680778,0.3773008298417774,0.10482792854046621,0.4102646769067512,0.3658971686045892,0.02585152442232717,0.3837740954149414,0.05081047644918434,0.4947747163444913,0.11050433343917329,0.9999999999999998,0.3206600001320017,0.027780002229071902,0.024887648802314977,0.27763564742313596,0.11502480650915983,0.09785647423514114,0.20358790054524986,0.09702086128210723,0.25518327053853945,0.20639491835220916,0.39603783454846997,0.09571083026096976,0.27428608933044596,0.41152556554631226,0.27333631290744165,0.3752838004266338,0.3874514625584214,0.3589863089116043,0.5566813399447554,0.33201219215588446,0.35887037429481194,0.9196087667156309,0.1283700388728749,0.191609629913079,0.33217995058980326,0.20419384108337063,0.05785756313769475,0.16486406263545494,0.34733335467592324,0.39013005153462943,0.10550008805347086,0.43439830187841866,0.25139440151774267,0.35975310740857447,0.2590806611970257,0.30977637589417073,0.2699673581946459,0.28345262460834586,0.2866582118198855,0.08144058971673213,0.40480619565829795,0.16322604885649966,0.3688514631730665,0.3928780178395581,0.25056278932157017,0.1162057247560942,0.37688161705910045,0.3540459419572074,0.3885357910261734,0.3654857718376776,0.36756092875651725,0.38562949284376324,0.1040183426952056,0.23354782424311862,0.2315740482483626,0.34930806823362054,0.311227919457139,0.13280647675316803,0.19352471486131356,0.19325879307555488,0.25290655548424634,0.10828037953949726,0.12123947082857413,0.0248743513742366,0.03138715720089557,0.38901029032825496,0.18986960158513536,0.1906771523804592,0.3127279655275212,0.025223555686949988,0.4047494193381236,0.4305192755130486,0.3163662362020423,0.45663594650668704,0.4306935416166463,0.10260548232889445,0.3668312791139684,0.09407561437468936,0.32828857352440466,0.18427039956041688,0.31733562447223673,0.40921653828209736,0.0764254827598229,0.3723841049675309,0.637368515820964,0.3813462074285236,0.291677146118861,0.3992945472456909,0.35306506237158625,0.38238358243792747,0.09176985029508017,0.08373505049811662,0.403734110673016
5299007QVIQ7IO64NX37,0.795078617545993,0.2225355497514307,0.7091069980437374,0.29655647091825976,0.3879437596481831,0.6477236361118872,0.5768523847258863,0.5569829464836877,0.7542035467448464,0.3596261417055196,0.8032515914723456,0.570331488296265,0.815069481819037,0.3206600001320017,0.9999999999999997,0.7538130799528037,0.7530298070475943,0.7952870888904543,0.8002547682203391,0.8143584557790555,0.7361322494484195,0.7892385614569528,0.4325775246107634,0.7768579696372737,0.21098168850329474,0.817930976633914,0.24107869019123784,0.3884770630977465,0.782688238207634,0.4229220137730938,0.28100860586881443,0.4824002131675202,0.5353452617380866,0.432510304541205,0.26682913666175767,0.3904622544158915,0.7800289307534213,0.10544578065799616,0.5909103014475924,0.7657227868249873,0.1419052313746402,0.5700315334295609,0.5302897466670705,0.29335754029394384,0.7833150868930008,0.2568217745906256,0.7771233514162458,0.5608750338148025,0.330691855420151,0.2218774776572541,0.6290690867906044,0.8313809815402687,0.5057285805172845,0.3637726090081015,0.582518559792368,0.7665288301848033,0.473778713936196,0.6305024346244336,0.8220663568157901,0.7348508618940967,0.25614371252371215,0.3503538988294656,0.4297002294595364,0.2819203897036482,0.11436074219725527,0.8609997324149548,0.8377353831611937,0.7349752568468272,0.7695810317307059,0.5890784973142307,0.5736619778656068,0.7749440781065688,0.8259831382366385,0.49746440441905093,0.27978027964147045,0.7941313613632676,0.7317282388815145,0.7549432735433953,0.7781628246168071,0.6933254122745838,0.7464452151611768,0.8024216734010392,0.6507916104683814,0.7540700876112912,0.4636075622531931,0.3643756171874793,0.33962141676470375,0.4208311366979075,0.30925025222317165,0.7807664215489677,0.37697216149560747,0.7813019680127178,0.2539710479426314,0.7908746857405813,0.33255696339029267,0.38774477634334664,0.7798739458449168,0.40772389451508834,0.5621634193419115,0.38153697483135646,0.5730473708471046,0.5465976757023613,0.46522897378809985,0.581959688983302,0.7606976334635369,0.7140253826104064,0.586505030685401
529900GGYMNGRQTDOO93,0.9480061254629529,0.15452593979036577,0.6868658887304069,0.22251351278812237,0.3260185050000133,0.7710730179934164,0.47804971788627343,0.4702651873410045,0.9942436892960691,0.1961551582803256,0.9881974176285218,0.42411370135827575,0.969675955163037,0.027780002229071902,0.7538130799528037,1.0000000000000002,0.9961511912735633,0.908198614309838,0.9634720805919276,0.9821072082361638,0.843657970656149,0.9881863529663526,0.4824413918599758,0.9136875717861486,0.04135005324330837,0.9750104084878117,0.07200683752655748,0.27701115561295525,0.7813600486325665,0.3027259509028982,0.16691707009051698,0.410492732326139,0.39792715396976197,0.2843575197433554,0.17248486924477713,0.1287229569211865,0.9416453397786264,0.030341565240152957,0.4009570900063109,0.7503515918712292,0.14766318301872472,0.23251496582606063,0.4482799398270992,0.12960934221484186,0.9142177491631702,0.029440642119977437,0.7647022125285277,0.4924835126100695,0.22792804487438628,0.14615847413746696,0.6839391055475239,0.7862499905660063,0.47540988198996087,0.3452772207826798,0.18197695111962647,0.896632870503039,0.33620719879610805,0.5999676721239452,0.8482663905133836,0.8827893314282433,0.14863183103191427,0.21616419694564687,0.3330773921640864,0.14124510059995468,0.016637073294432658,0.862622762852852,0.9551247115942508,0.6769993746881304,0.8711661591813917,0.5099352822598137,0.47610763352898366,0.931966626887359,0.9157815696052996,0.43485260408534493,0.2184131758888375,0.9534721224882282,0.7933623377935317,0.9964984162631835,0.9849317019163369,0.34901689148475534,0.829589314206158,0.889879085909065,0.6429548112408613,0.995436929951531,0.35747636739132177,0.2522246381185134,0.2999902644145743,0.31095774519479014,0.18590248687970756,0.9782854141104355,0.30993089284299685,0.9805124181387922,0.17461386574577975,0.8928439250506346,0.1943864584343613,0.22981456787350965,0.9915656013504027,0.34416245692824965,0.4252560297392226,0.22679250011342986,0.2927501157000271,0.42828376091678555,0.3742844616089681,0.5195388814901654,0.8409921789673978,0.8866366778251328,0.4386874486614132
529900HEKOENJHPNN480,0.9513985200952182,0.1538669463716047,0.6844429260848713,0.21774325288873353,0.3244019469898245,0.7744551218455791,0.46309338983040554,0.4657498569259982,0.9973626340612906,0.19161406668243844,0.9901897553688547,0.4213519318859236,0.9703571597765044,0.024887648802314977,0.7530298070475943,0.9961511912735633,0.9999999999999999,0.9092646546278322,0.9624683694927095,0.9833121123186499,0.8435213310839111,0.9895497738252533,0.4721027905277292,0.910313355953802,0.036837769391368104,0.976462161088493,0.06391002412927507,0.27480626642391887,0.7803636414059687,0.29777396205301276,0.16446107517967365,0.40551483110672887,0.3935843675510983,0.28084889581345285,0.17597499910166406,0.1266445650045762,0.9437411248026593,0.03097193431436223,0.38444153070932585,0.7461182439311345,0.14080222671583634,0.22583457911423208,0.44137547334297794,0.12725350485200151,0.9150073624528696,0.02564589431782557,0.7593291313552262,0.49020334907529983,0.22645603963455177,0.1411723161956245,0.6736361436987612,0.7785576377887702,0.47102471051308054,0.3377816929883668,0.16386919649176096,0.8971878230796226,0.3319422451935697,0.596099428652905,0.8458718888649122,0.8832384636376881,0.14713535690248916,0.2130371944093882,0.33122360411713964,0.13695169876373275,0.012737247530201265,0.8546921395267375,0.9555074317804102,0.6754656946880663,0.8723018563376056,0.5059420296087438,0.44909206430078963,0.9329998156592505,0.9160921818749727,0.4258587110216642,0.21277411734221208,0.9541640760985218,0.793660746770538,0.998502994289915,0.9905751386473204,0.34472326779905027,0.8282662769786676,0.886033641805427,0.6394468000658555,0.9984089591352975,0.35419676526545557,0.25000299019285965,0.2920308177810118,0.30634341476690685,0.18233453666302937,0.9797218276714419,0.3079521544259313,0.9823943545053789,0.16758625621515463,0.8928458939926528,0.19232010220645152,0.2269497957685066,0.9942903444862079,0.3411414485683174,0.4198440757382712,0.22272178498565082,0.28826377128388053,0.42475679985316117,0.36791832287235227,0.5152869674976929,0.8389129446752598,0.8873046768824588,0.4342478576744212
529900HNOAA1KXQJUQ27,0.9444734874403803,0.4187378469300545,0.8452028690771286,0.5140083481184443,0.6144877988299746,0.7503896709362664,0.7206907172991937,0.7051746431526092,0.90534043495117,0.5146931330544271,0.9367206462940647,0.7052963997399713,0.9605324684447352,0.27763564742313596,0.7952870888904543,0.908198614309838,0.9092646546278322,0.9999999999999999,0.9750815543498207,0.9395963194609468,0.9449994536553132,0.9431440545089226,0.5957498930704754,0.9568672486650192,0.2607897456741572,0.9447513149788821,0.29509721072656725,0.5913520105213358,0.8996264514803122,0.5895902468162637,0.49662740334984445,0.6728169302279986,0.6727221545900564,0.5653162125552768,0.4544227742284046,0.29963938612533925,0.933193519148029,0.3585382102113623,0.5279931854007737,0.8727530949716898,0.2180184631713161,0.3156351059245537,0.724899457780252,0.42405215273696395,0.9178167674858178,0.3296214872985221,0.9125552615301238,0.7451151744610315,0.43639340879625116,0.46201356265174115,0.8764202193843345,0.902229570048822,0.6216415426182982,0.5403616361145207,0.4400890012810687,0.975548139564242,0.6078034081089074,0.7276948899042819,0.9139831890558794,0.8800048611547068,0.44721574139107906,0.5099385085471556,0.653784526179904,0.41654658895834773,0.20630868012296769,0.9258134396241045,0.943486465771978,0.8450632691162244,0.895729522316919,0.7476083163936329,0.6355018736005129,0.9260036684262773,0.9744820929454848,0.5486528644234261,0.4166476580895207,0.9747927730436423,0.9148065869444877,0.9066078978441743,0.9238645939427997,0.6078952057864094,0.9327711913963213,0.9349932513545832,0.8389511659354076,0.9068773348087551,0.6364895844362306,0.5481659161285466,0.5806566071914822,0.5863478285596236,0.5245025739045688,0.9634794000864702,0.5678473316615049,0.9579945349195697,0.48808747470291736,0.9645071939924416,0.4888033145343236,0.5328215296512708,0.9295959627940824,0.6040016110480141,0.725446884145403,0.5378221695564253,0.5412811483955874,0.6976322214053079,0.6470785806375059,0.7650215686542049,0.8756918480767226,0.9467120524742737,0.6947949133049192
529900JG015JC10LED24,0.9670678951390265,0.35954050231455675,0.8278227462842807,0.4345538164974967,0.5385654328116498,0.8159158803271643,0.6598811524367083,0.66103051725522,0.9611839061285494,0.42374942313404623,0.9803556379550789,0.6236710960444592,0.9915417332669387,0.11502480650915983,0.8002547682203391,0.9634720805919276,0.9624683694927095,0.9750815543498207,1.0000000000000004,0.9822731552321752,0.9393423088196766,0.9838756223662717,0.6005911206503454,0.9631018338939693,0.18776960981878005,0.9843061547691977,0.23642199146227816,0.5005225400544314,0.892405957593093,0.5131401506735493,0.39876712847188445,0.6105674835704573,0.5816142824174969,0.4923413307952524,0.37136339122225603,0.16189036317933497,0.9729614648415277,0.23666859559375933,0.5325421162727347,0.8701556898470046,0.2100033187555816,0.322628024242735,0.6460238484228914,0.34589932100724863,0.9540006663072058,0.2510656657941753,0.8984797918433411,0.6806530260516206,0.3901590488453468,0.36066645982972767,0.8268042365148035,0.8948681087520142,0.6188895844908345,0.4680268106452561,0.36204694959687633,0.9722065802690162,0.5405582632018359,0.6843859734194594,0.9276256742613612,0.9216770320412498,0.35294048241013437,0.431796994348632,0.5458771723707128,0.34535496794437076,0.13652630080491035,0.9200769522635698,0.9799304874420454,0.8146327902954386,0.9177789505823039,0.6899956063492092,0.6154294608392922,0.9667978694995307,0.9776251200475261,0.5367270729918229,0.3758124486449847,0.9882555450858805,0.8847039941087178,0.9612248829938578,0.9681506205245919,0.5425727936168494,0.9193884229197573,0.9501242610213201,0.7971217887336429,0.9610538992240787,0.5632148629163644,0.46158389576889913,0.5068554471077672,0.5137302754452734,0.41425670484619176,0.992585728056218,0.5130799785286443,0.9912259553460434,0.4003932574581092,0.9680384214221998,0.39527169499746084,0.44671582832063395,0.9756385561348034,0.5448543419066387,0.6040756444878578,0.44669413155599713,0.47986041871021534,0.6250549892669931,0.5772698372853258,0.7100357959742225,0.8934083872318925,0.938850943292394,0.6359473958670768
529900JZTYE3W7WQH904,0.9517813610371753,0.2632984344022939,0.7735005051669791,0.31312565131562803,0.4474070969321615,0.8198108508821788,0.5859455178949788,0.5795955859972689,0.9828230505993115,0.3188898245490196,0.9909525884577111,0.5466826075827966,0.9894805754326342,0.09785647423514114,0.8143584557790555,0.9821072082361638,0.9833121123186499,0.9395963194609468,0.9822731552321752,0.9999999999999999,0.891411113333145,0.9960572257535752,0.5583384048703884,0.9376649628509846,0.18127224466597341,0.9956481034726541,0.1528062632006768,0.4030436120498932,0.8607262136376216,0.4225893336341318,0.29452167114542827,0.5203168579956305,0.5251424375146037,0.3933147167353209,0.2874537341138453,0.1568577683844366,0.9739037486687432,0.07136781938324109,0.514009311437647,0.8276862708159514,0.16482927792139493,0.3438735490033258,0.5487444469940406,0.26460733793537994,0.9461634843346116,0.17564852414643656,0.8450013031025468,0.6022537732677311,0.3145733783789545,0.23065998278079627,0.7324316568899363,0.8434851421629386,0.5757526063671887,0.3796560829288912,0.27167372373424337,0.9385853927797705,0.4494120209781415,0.6553330222470649,0.9185702360627883,0.9137673912526205,0.25183459076995,0.32488230159120846,0.4228263890073817,0.2528310282822966,0.142392394465831,0.9148799618340631,0.9860712096267601,0.7591284180807268,0.9219135368809352,0.6246880610792883,0.5759543854916235,0.9678617796400963,0.9524944360314814,0.49938662510559995,0.2896749739323813,0.9646135599898564,0.8253302576968238,0.9838993317280216,0.9796916763796845,0.4724049461668299,0.8779226058663813,0.9401648204393084,0.7271272339067337,0.9838929428540063,0.473485126018059,0.3658424257659004,0.393850578682386,0.43703018929204057,0.2985874373920225,0.9891244421823129,0.4212686543125117,0.9932456258352274,0.27214535717788996,0.9368440092174136,0.2850309689507376,0.34525657669355125,0.992095891651719,0.45572783588920224,0.5202472657127049,0.3411436336935128,0.4071134070630613,0.5455794755188142,0.48232479642046755,0.6307012248416369,0.8714656665170211,0.8908035280198265,0.572100374392806
529900ODI3047E2LIV03,0.8651902862100744,0.5915646424245611,0.8958849962282129,0.5959762532707928,0.7403154978693245,0.7500547225528126,0.8308216622715499,0.8328980224149045,0.8407466227499841,0.6622808927902479,0.8729789314185977,0.803698981374344,0.9311832215477098,0.20358790054524986,0.7361322494484195,0.843657970656149,0.8435213310839111,0.9449994536553132,0.9393423088196766,0.891411113333145,1.0000000000000002,0.8911350689827211,0.6714742767413976,0.9370113427959782,0.3390520780151297,0.9040619148494324,0.44044086724892156,0.7085830476026553,0.9389412183047036,0.7270167127783884,0.6260152498028201,0.808197932747393,0.7372099935736226,0.6877604806688611,0.5603402421105733,0.15350392747805,0.9291992914853217,0.418782645423824,0.6385379977659217,0.8991098108836177,0.2693034254584134,0.3408442465403433,0.816015562762136,0.6039927834328078,0.9244564929104676,0.47714531717827235,0.9488146573988613,0.8473829695424604,0.6281760208572591,0.5368087521977944,0.8534542839362902,0.9388056970537402,0.6854783671888232,0.48064196118801594,0.5251759304922956,0.9675272218535473,0.7582514838266485,0.8128915971543402,0.9273901709287679,0.9122190328443777,0.5965180961812911,0.6618112423870486,0.7349271050605939,0.6254711013651386,0.26672978960263044,0.9168537980752738,0.9109416711464284,0.8858527488561958,0.8907543626668347,0.8421046008022898,0.7307453366624798,0.9003577211872238,0.9606257046706109,0.7089418093826964,0.5669071783461763,0.928929085969387,0.8336947522450928,0.8415837943142984,0.8556698945976963,0.6960675385510289,0.9692840668330218,0.9522861757288548,0.9332534990603797,0.8429096029969747,0.7588838441645857,0.6864894623277036,0.6652346435760389,0.7147179076026701,0.6577826941093832,0.9256372592399706,0.7092961943661487,0.9213222335605007,0.5911658927874146,0.9867957697827886,0.6408996236349035,0.6688387035544024,0.8776334072526097,0.7443312858227278,0.7706871774709906,0.6808344019006326,0.6462855865373163,0.822896655923444,0.7763590988945444,0.8575405760146075,0.8398824137473698,0.8626340907122796,0.7781560198066345
529900OE1FOAM50XLP72,0.9527344886316895,0.25805501008134685,0.7530740070021069,0.3014651792640328,0.4291439886540987,0.8231248737621463,0.5651228293191097,0.5681490145864183,0.9894012926936808,0.3017634491926172,0.9925911863391628,0.5273039719029778,0.9881298140139535,0.09702086128210723,0.7892385614569528,0.9881863529663526,0.9895497738252533,0.9431440545089226,0.9838756223662717,0.9960572257535752,0.8911350689827211,1.0000000000000002,0.5374856737403071,0.9383019636697648,0.1203158201909062,0.9936543271480169,0.14011310342512265,0.3812732292845893,0.8522117018989817,0.4025245382624714,0.2759647125413312,0.5060853212715535,0.4936490504711496,0.3805370872426958,0.260736282591588,0.17196244558479853,0.9741319102882057,0.09669718941267841,0.48055306620561433,0.8161897750708285,0.15993955293432685,0.30023389702744563,0.5295632583648796,0.24105047488158735,0.9455491479056769,0.14035350196037572,0.8299521037366459,0.5863181912486545,0.3120368324427909,0.221174235671232,0.7330657215821771,0.8308995972040426,0.5505138113700511,0.3787046623861395,0.2462529239809859,0.9349970467886217,0.4312108786642641,0.6487677331872024,0.9074108524695692,0.9126980917890339,0.24138206332199705,0.31824100584892323,0.42175572832986374,0.23366860868773326,0.0833931969340832,0.9057710523505147,0.9799977156326797,0.7429866841567522,0.9244766229036993,0.5992062057211005,0.5478790336719429,0.9644841300633389,0.9512800527519683,0.480235362101955,0.2789061322579183,0.9670634410188497,0.8230469077053816,0.9903918719328291,0.9828637410099952,0.4406462587643088,0.872583033416819,0.9275565364567252,0.713196465605179,0.9904586706944096,0.45785248369957976,0.35263545220809445,0.3776365100253864,0.4135631922707568,0.2852152056114253,0.9917013551616496,0.4112053594169325,0.9946309277258564,0.2630254130117963,0.9337732279447262,0.28009926428038495,0.3339439995058263,0.9972419405400168,0.44529944100187996,0.5081310801906765,0.3215218249715824,0.386392295978534,0.5232644570075283,0.4636090002580041,0.6129274339140304,0.866363325395592,0.8985121185237123,0.5436345392628018
529900RWC8ZYB066JF16,0.5181551602396788,0.5787076540300152,0.7157278127813085,0.7630671901569208,0.7218529776869931,0.6889725035372638,0.7162665233123579,0.7750750836880647,0.49349182615502235,0.5924891605372513,0.507279193019729,0.6832554082915904,0.5607601336056222,0.25518327053853945,0.4325775246107634,0.4824413918599758,0.4721027905277292,0.5957498930704754,0.6005911206503454,0.5583384048703884,0.6714742767413976,0.5374856737403071,0.9999999999999998,0.642227252375437,0.5351302344497851,0.5467581343884613,0.3978027851819292,0.6943955621150537,0.6407243134795078,0.6112833555579079,0.6331543065790287,0.7960494633431405,0.7181018439040199,0.6923286028485077,0.5071595140951933,0.1425118363330411,0.6179756498087295,0.1786954313968546,0.6948711158051728,0.6653182226475111,0.35150119807677305,0.271788773861777,0.6551085090704505,0.5993296244281412,0.6373302616988181,0.5987072057050181,0.7330960835055209,0.6572886456909642,0.5919325402941843,0.659860147523384,0.752346838105242,0.668107928495465,0.9412547435872014,0.4008488014336351,0.377059076087827,0.6606470702945358,0.7734958679474929,0.6398956860523657,0.6595286587796609,0.6312979038797291,0.4471706717624628,0.5138538694196593,0.49885324164629247,0.6424525155844361,0.5030722575961974,0.6715788497146545,0.5901470007120988,0.7187581771033924,0.6417476354952107,0.6776582371658509,0.7320602716305589,0.7146806887406553,0.5743729155798409,0.6572644203579979,0.4508796727741917,0.5523385519972274,0.5392534049342853,0.47104944066683035,0.49150295707295305,0.485117304970069,0.6712259083487656,0.7211825695151806,0.7411545964929104,0.4722655123213863,0.6540172576239044,0.5934200916608092,0.7920102778084877,0.7419546706236587,0.6320132320836648,0.5595265790143381,0.7195615966244195,0.5665313010208236,0.7661750838390262,0.6297350018702647,0.4214438511751992,0.5390139884906249,0.5255448889019583,0.6692897053965471,0.693036929256297,0.571018195734066,0.44727057822544286,0.6888475048210251,0.8056655063893662,0.8036439361035025,0.5906177418886654,0.535171134154509,0.734857061984254
529900S9YO2JHTIIDG38,0.9219989281214057,0.4066545979378351,0.8183252596826007,0.473731476104263,0.5876357959578101,0.7956925798270822,0.7141219842950414,0.708462510964307,0.9045210903881906,0.4885539017239231,0.9315270025925664,0.6657970649867291,0.9482853015361369,0.20639491835220916,0.7768579696372737,0.9136875717861486,0.910313355953802,0.9568672486650192,0.9631018338939693,0.9376649628509846,0.9370113427959782,0.9383019636697648,0.642227252375437,1.0,0.2403564419344819,0.939632446706618,0.314340977369471,0.5570189610431706,0.8836153109750977,0.562620625255811,0.4598716413927511,0.6686534499557323,0.6343546717518641,0.5772701675811323,0.4472145789850455,0.23207174481592488,0.9353134824149695,0.27985024027965116,0.5643939948716028,0.8561463604246943,0.20184254175484634,0.3203282163695501,0.6884161918684254,0.42637204865981493,0.9265587119737124,0.31996623383050626,0.8985489708724044,0.7177952890219231,0.4873555484259771,0.4054351104540304,0.842732642115634,0.8878184175338781,0.6383429058358606,0.49367102869194635,0.4212999269663366,0.9571706490651248,0.6151627521769619,0.7492802485241052,0.9158310979009043,0.8830867697453038,0.4080085055538587,0.48445122851028877,0.5942936640556007,0.4208222316172673,0.1886069760849103,0.923222251826349,0.9434066390604828,0.8392506520490186,0.908187154493719,0.7181163888695741,0.6850067521395506,0.9341559795453404,0.9567633917296414,0.5988368979076211,0.38874863399684817,0.9673436794227631,0.8620751641224822,0.9047439459397004,0.9268955771735146,0.5719808699479338,0.9266195870811903,0.9467404143344994,0.8243976379375694,0.9040696685826966,0.6130838019754464,0.5216192267566034,0.5446289494578508,0.5698740476729737,0.48806780883179934,0.9504655153616511,0.5596156751742231,0.9494702559078967,0.4565759346232303,0.9512391854043478,0.4603438845036644,0.5012346471641084,0.9281144679199607,0.589319272318041,0.6799508192261656,0.5039153536208251,0.5244023469768958,0.6771260876352895,0.6520631080572664,0.7488534726435006,0.8567414845671457,0.911967985621321,0.6729650556082993
529900SSGT49ZZSWYE62,0.08216133891863144,0.5889844668404787,0.5179905548976256,0.5254128922725603,0.7218895414059225,0.15171100972946666,0.6717051917581234,0.5744456890598469,0.03567504780190365,0.6630437146003004,0.08220050388702548,0.6849744168671928,0.19029505086451562,0.39603783454846997,0.21098168850329474,0.04135005324330837,0.036837769391368104,0.2607897456741572,0.18776960981878005,0.18127224466597341,0.3390520780151297,0.1203158201909062,0.5351302344497851,0.2403564419344819,1.0,0.17261636912475115,0.40732902578985614,0.7569657883841718,0.40249769328444424,0.7011663414159368,0.7382377581893604,0.6233178400991914,0.8194480804242139,0.5270969789323547,0.7586166402423703,0.07304278376653657,0.2172903560052503,0.1568834174920103,0.5728392116552502,0.3505835713205046,0.07901143112766668,0.3622443083244927,0.6390498149885727,0.7501342235189778,0.17514386855098035,0.8048957689938249,0.4791636293407761,0.6416587681875139,0.3652750415107804,0.5042965231181666,0.3385040929278342,0.39379498457094975,0.5851633682965774,0.16755109310933466,0.38378310280491584,0.30868718809953866,0.6084305753663433,0.3759366425353976,0.3612774769830162,0.212325829061525,0.652236725435208,0.5730359931131122,0.5163556207562482,0.6665131855445459,0.986088128947197,0.3379453472226338,0.19181886666381665,0.4142899830665558,0.2245350945598645,0.6994025113101066,0.6100092375708157,0.2435210642864081,0.24600701122060645,0.379245535594433,0.49252850243450996,0.15165691149040245,0.1947864364356524,0.03648227253804433,0.053018554570970156,0.5554542069219277,0.33023146232262995,0.362432982085336,0.5414081226664436,0.03652219172782468,0.6815290680632633,0.6856503213524765,0.6120034291009289,0.7682452692943296,0.6813414767376907,0.16904919616933772,0.63879296631758,0.17279668616110228,0.5563652649818176,0.30866753731262364,0.486442774501611,0.6213919488044767,0.08718464262266977,0.6522681597925403,0.6015330592235459,0.6842099884944828,0.4340487886003905,0.6978256856254635,0.6428850379931885,0.6516138572881779,0.1390042733902269,0.10620121656674589,0.7223600119020382
529900SXEWPJ1MRRX537,0.9440910122532487,0.28589244751783277,0.7742040662371935,0.326497297583196,0.4673409722484349,0.8152109168346062,0.6098187738401166,0.6073271511718955,0.9768576660439109,0.35944833526717046,0.9898730778484587,0.5738973882309787,0.993264586663197,0.09571083026096976,0.817930976633914,0.9750104084878117,0.976462161088493,0.9447513149788821,0.9843061547691977,0.9956481034726541,0.9040619148494324,0.9936543271480169,0.5467581343884613,0.939632446706618,0.17261636912475115,1.0,0.18480497784865885,0.4266085573831149,0.8873105975052369,0.45561446179237025,0.31998267740227126,0.5430026721171658,0.5365476036745932,0.408769352315096,0.3140155855753395,0.15504409752926493,0.9697922783777572,0.1252055510902705,0.5181179819941164,0.8408139917639443,0.1454700161402902,0.391049793558928,0.5692779687470996,0.2897963359178751,0.9389799229139232,0.19811020676321217,0.8534435625527534,0.6358588235676753,0.3397563171705331,0.24362374354449645,0.7407831718451228,0.8530863262712233,0.5833982174357382,0.399110830616016,0.295551809221065,0.9443631469972943,0.4720683246043289,0.6686841802062607,0.9336320588602784,0.9060823990553754,0.2924904955073413,0.36978155274749136,0.46479681899830627,0.2802141153465695,0.12708140978024096,0.920181826073871,0.9903218279078476,0.7860790869687194,0.9226134336182329,0.654156771773403,0.588165596373039,0.9665534032569698,0.9668812212003312,0.5060485225992152,0.3077484449001957,0.9675761924779387,0.8307275962606109,0.9776145655395018,0.9744156089867855,0.51188434884328,0.8926840242607273,0.9434501402949148,0.746251586179198,0.9774580541216454,0.506956732780944,0.4002629354721082,0.40433370720721085,0.45592351116756563,0.32905376644782375,0.9881439634228575,0.4496096929008346,0.9919268343786727,0.2865811094347969,0.9519896888343872,0.3352291911618241,0.3894931732608526,0.9887343819445772,0.4838181765778349,0.5317878690971609,0.36993728003241216,0.46505797584006553,0.5702067471978162,0.5029721520026551,0.6480529479065161,0.8715519815099002,0.891991137868438,0.5974683432257705
529900V3O1M5IHMOSF46,0.10865919443669994,0.6014594342795794,0.384860621775736,0.5059385705595433,0.6836601071737015,0.20558641582580836,0.6105714704862765,0.6474434772883778,0.06887860294298798,0.7512451539237951,0.11644278159786285,0.6163230004430271,0.20618077643062063,0.27428608933044596,0.24107869019123784,0.07200683752655748,0.06391002412927507,0.29509721072656725,0.23642199146227816,0.1528062632006768,0.44044086724892156,0.14011310342512265,0.3978027851819292,0.314340977369471,0.40732902578985614,0.18480497784865885,1.0,0.6469415086407894,0.4484251759835223,0.7256557482094275,0.6730891705273172,0.6022078377702311,0.6148172799261648,0.535610208261293,0.6248463188285216,0.06499655463281939,0.2145610782125587,0.5858151209841196,0.40829264650069724,0.3807063608170782,0.02303933116726217,0.2872486604337885,0.7090252904202176,0.6492873191712452,0.20231744671822674,0.5384985652337757,0.45526374468850184,0.6677942052994316,0.48126806830623137,0.4807887077444856,0.47667949007473753,0.48026681792324766,0.4399205443431946,0.14376166659669207,0.7594995610990372,0.3142283440462733,0.6309523044105676,0.4156838783646003,0.40610584924041243,0.17802209175288994,0.7040836764603521,0.7490627557870788,0.705472837052289,0.6109303447220179,0.31143904176036413,0.296590373583551,0.21192943791514493,0.5108209531525129,0.2703635336920438,0.6346278183017974,0.486475979671236,0.21945760011337062,0.37309907214508475,0.40657754435439714,0.43783340654313024,0.2624967067741263,0.26475516578570185,0.06450189703208252,0.07916267089839762,0.6784625300312174,0.39606783051572575,0.32040192377499677,0.5454307750803112,0.06256342937976447,0.6910824886825364,0.7214998313354695,0.5414177026682369,0.6632172181314551,0.7282294896838986,0.2096160048876858,0.6721032741000348,0.1880058973047327,0.5400585792370142,0.38578259978587615,0.8425223125603265,0.7352906368192936,0.11314106621148791,0.6718918815527215,0.6140451617362412,0.7605918891594737,0.6721123003966551,0.6907727563525099,0.6577394420899639,0.582550578348968,0.18286113470778037,0.17110358792507027,0.608781154198523
529900W3MOO00A18X956,0.37833779259137285,0.8930612147936607,0.7984381612136706,0.8357974710005429,0.9799229387252151,0.4232379619727257,0.9381415791159469,0.9228158648995072,0.2744297860683438,0.9589415622750888,0.344731288954759,0.962053639782032,0.47045999939820476,0.41152556554631226,0.3884770630977465,0.27701115561295525,0.27480626642391887,0.5913520105213358,0.5005225400544314,0.4030436120498932,0.7085830476026553,0.3812732292845893,0.6943955621150537,0.5570189610431706,0.7569657883841718,0.4266085573831149,0.6469415086407894,0.9999999999999997,0.7319890582892377,0.9628951088993316,0.9790072347088788,0.9429377348864355,0.9454898944830561,0.8635148402216558,0.8883766976674539,0.16726265265563162,0.5033917074419726,0.650811924606219,0.716239598492666,0.701479269808982,0.23173986268582675,0.39673906198058895,0.9350993049687139,0.9448247124861519,0.490824314368677,0.9118701887191161,0.7937017935785239,0.9424830803378773,0.7044104446137649,0.8084449524686023,0.7380974980952312,0.7124724379796719,0.7650164006743186,0.4602779257196774,0.6557769555123868,0.6307964377501856,0.9144747136975122,0.620290778888935,0.6388121757006835,0.5127072967341978,0.8997954456905229,0.9158260234578928,0.9078022475374898,0.9074161944273863,0.6802019367370862,0.5928774548696795,0.4577722067140559,0.7445745897671355,0.5245039326586621,0.9369385737175202,0.7860311982815502,0.5080477699830095,0.5816488633331286,0.6028115650408131,0.7486181793350123,0.4796319173061163,0.543714599885777,0.2708609002467449,0.3109577158076537,0.8129078083612671,0.6673862187167159,0.611899068719791,0.8706792521353919,0.27208015335638763,0.9623968623874074,0.9552570665993428,0.8867005429632655,0.9696705676019434,0.9679624062219664,0.4490392881534961,0.9403229518806729,0.44063013748471247,0.8828794663068293,0.645672912196737,0.8373448896784521,0.9346326296853408,0.34104087889705853,0.9522026014561588,0.8699242767461147,0.9492818827739696,0.7571271298094319,0.959716531757096,0.9366357353027328,0.9490854786829929,0.4527815095324777,0.4690930928302966,0.9471689669222798
529900XSTAE561178282,0.7914979276117354,0.5963811613012219,0.8702747020828212,0.5917145362873524,0.764008086008734,0.7766784239567427,0.8658505853396093,0.8711611368467135,0.7802769253436509,0.7184232622133887,0.8332939280323808,0.8511299400741721,0.8919700595333799,0.27333631290744165,0.782688238207634,0.7813600486325665,0.7803636414059687,0.8996264514803122,0.892405957593093,0.8607262136376216,0.9389412183047036,0.8522117018989817,0.6407243134795078,0.8836153109750977,0.40249769328444424,0.8873105975052369,0.4484251759835223,0.7319890582892377,0.9999999999999997,0.7813229272795753,0.6677406758951598,0.8046802662836895,0.7813517668392297,0.6600142292433323,0.6170536313828472,0.22168189800524768,0.8935662853934654,0.3983883640433206,0.6979288181038908,0.9278984058604917,0.24131160545829394,0.5798657108096551,0.8126671675993756,0.6497704424387741,0.8695798878389377,0.5626462222598899,0.9483011207360328,0.8910649587587629,0.6009650965281239,0.5159626929701024,0.8026382143422656,0.9023742801455671,0.7448321814056121,0.43104655481356685,0.5669566727928298,0.9127925917631302,0.7476027682272306,0.7336950702074397,0.9736850395613715,0.850074978441587,0.6330531347110958,0.7208318231631514,0.7539882747200354,0.6054364565236793,0.31311780637313363,0.9164504174862214,0.9026782759266638,0.8864274556501605,0.9016641773275885,0.8930375630677458,0.788972694931214,0.8880941864993671,0.9461537694038271,0.613431448731102,0.5089935103379494,0.8695504689061551,0.776316166025886,0.7806442731829243,0.7943793244472103,0.7975564567210857,0.9099783174168922,0.9127604338258304,0.8917806733998341,0.7815742500049953,0.8068895801064634,0.7276980057878031,0.6580320821497648,0.7623483009562214,0.6568010961093227,0.8652518271563971,0.7481503418091522,0.8649962122617336,0.5794733256461928,0.9552405942571248,0.6473721626047775,0.741175684262894,0.8247650319160059,0.7800481056664814,0.7456465862086763,0.6979247568192544,0.7608994324501772,0.8349498258334176,0.7526008557955901,0.8791497629152542,0.8300627965542036,0.7855373966252215,0.8674083364235662
5493000LKS7B3UTF7H35,0.37035776380606933,0.8442899791379069,0.7475576676807386,0.7892898466555897,0.9734630759089036,0.40997294734190487,0.9416275232977812,0.9337912707528201,0.2946748203633865,0.9824363056684581,0.36607607104042317,0.9495729377170088,0.490458820603112,0.3752838004266338,0.4229220137730938,0.3027259509028982,0.29777396205301276,0.5895902468162637,0.5131401506735493,0.4225893336341318,0.7270167127783884,0.4025245382624714,0.6112833555579079,0.562620625255811,0.7011663414159368,0.45561446179237025,0.7256557482094275,0.9628951088993316,0.7813229272795753,0.9999999999999999,0.966144693081844,0.9175355749663174,0.9214513558939327,0.790252203458303,0.8978236950273776,0.12473260230589622,0.5097351237301831,0.6714214136327942,0.6525626147721759,0.6948247559002777,0.24740412988578017,0.45005522955874677,0.9544711582887216,0.9456748393464256,0.4913091116822238,0.8614397970266521,0.7939151772000518,0.9717679905197075,0.7117124813660227,0.7588070007826967,0.680923536166028,0.7279837323988471,0.7179951191108994,0.34746768889568497,0.7329178612664999,0.617746755829479,0.8934826983004649,0.6170107628709136,0.6732068031515739,0.49966479812189624,0.9485590656684154,0.9676244620620741,0.9404081923850409,0.8841323296838272,0.6056893630699034,0.5904320332297588,0.48170607146270067,0.7323058577797087,0.5351441461396533,0.9562863369809451,0.776195223324126,0.5002546085281546,0.62607691815098,0.5767355169439335,0.6712137651581089,0.5002268191208209,0.4957628947078729,0.2950926978095082,0.32243386290602344,0.8828588671919753,0.6733524741872899,0.6069905071366758,0.845822840031253,0.29599626408807117,0.9823504029123061,0.9780335445108873,0.8454794981968897,0.9683898021303324,0.956159577660155,0.46674492157240616,0.9366697047942322,0.45464219262662986,0.8211560685988754,0.6763127821608829,0.9075738864298496,0.978133931221353,0.36062507812927064,0.9583290292651782,0.843959746041597,0.9813654315202512,0.8181425988163926,0.9714743135600301,0.900561123546703,0.9301959269608567,0.4666677456901816,0.43659408199151517,0.9396012161670995
5493001BABFV7P27OW30,0.2744234714832809,0.8737409342649557,0.7029713767210871,0.8406440166840263,0.9765936630142134,0.35426256858582567,0.9016492037758289,0.8994267343560419,0.16179082664389008,0.9701901875653366,0.23504252711789297,0.9155059215703377,0.35879268552131816,0.3874514625584214,0.28100860586881443,0.16691707009051698,0.16446107517967365,0.49662740334984445,0.39876712847188445,0.29452167114542827,0.6260152498028201,0.2759647125413312,0.6331543065790287,0.4598716413927511,0.7382377581893604,0.31998267740227126,0.6730891705273172,0.9790072347088788,0.6677406758951598,0.966144693081844,1.0000000000000002,0.9164565543988307,0.9002575893360678,0.8379884100858257,0.8965817580559463,0.12107614350035996,0.40235454422619016,0.6981290635961057,0.6255549626730038,0.6207489763676671,0.2610842389227907,0.3467460094390845,0.9175232759720885,0.9612730238896305,0.39690643890303373,0.8924794040732069,0.7258135126736276,0.9162816769486387,0.7162366928544663,0.8234349629112367,0.666540036340329,0.6155521447809682,0.7098933054470079,0.40264364590204005,0.6635068678887323,0.5326882911507543,0.8938187485575805,0.5433780267964566,0.555111787293883,0.4017929659626852,0.9225664574693446,0.9364066114537873,0.912064126778686,0.8877781478719213,0.6573251415722761,0.4775359665199328,0.35435803956357076,0.6652419311504656,0.4493397150935596,0.8947952276202825,0.7501708722768795,0.40465324619537085,0.4947013782760427,0.5336515436979181,0.6556053829161316,0.3832112033110297,0.4497984253253536,0.15987542675653155,0.19966154948002893,0.7906947818096045,0.5793527255265184,0.5065940760295732,0.7841066967033815,0.16168993417953112,0.9512872101932502,0.9570973768846066,0.8810962005479087,0.961120439030279,0.9717838037094787,0.34260939485401565,0.929634089361834,0.33190774699635933,0.893245889891566,0.5542168092813622,0.8548663202015773,0.9454167294244141,0.23026633306397173,0.9411406046407587,0.8281258422913548,0.9616393756622312,0.7405123841269617,0.9327621826975715,0.9067857933261272,0.9100225853661953,0.37614173929211253,0.37220014252090855,0.9128180102840073
54930056IRBXK0Q1FP96,0.49906308288279866,0.8249299909215948,0.8235461161256818,0.8465635811057326,0.9437605032274693,0.5685574513422018,0.9603380752204018,0.9692636650792411,0.4078448494052818,0.9239130825391746,0.47322274068224834,0.9413480694678479,0.5788157336654614,0.3589863089116043,0.4824002131675202,0.410492732326139,0.40551483110672887,0.6728169302279986,0.6105674835704573,0.5203168579956305,0.808197932747393,0.5060853212715535,0.7960494633431405,0.6686534499557323,0.6233178400991914,0.5430026721171658,0.6022078377702311,0.9429377348864355,0.8046802662836895,0.9175355749663174,0.9164565543988307,1.0000000000000002,0.8880976446747237,0.9261169977181625,0.7948356194891302,0.1773012696442409,0.6150421900782731,0.6001535883113701,0.7456340837934737,0.7785954530779456,0.31870623268493864,0.41568438823325976,0.9109793070832762,0.9109346411989744,0.6427656224435451,0.824904707710584,0.8540537190058435,0.9348607382016506,0.8630001717662374,0.804225315731833,0.7939799457567942,0.767058907914128,0.8113703234807866,0.5453697799310763,0.6548183885888031,0.7341408663688771,0.9870975240873457,0.7917183065637214,0.7335599912768072,0.6297244650892148,0.8170768606234505,0.8705071702855268,0.8678316927780322,0.9185697864983011,0.5380050276197957,0.7106465172932913,0.5868004611514047,0.8552979152062833,0.6610015526032318,0.9197371061663608,0.8686629292488411,0.6270687812576967,0.6753738396278309,0.7828887953705387,0.6606510004843387,0.5869098960169499,0.6144822318178615,0.40230318620549277,0.44612838724751064,0.80185425998335,0.799463693694673,0.7453378006183765,0.9213029413794203,0.40462476928369273,0.9321681692922199,0.8967178677546193,0.8821411621328427,0.9341854555099355,0.92953472104115,0.5567887866345496,0.9085759830117328,0.5560560824694285,0.8930595131208151,0.7434782297512885,0.8164155557219356,0.8824381495027046,0.4761311873569824,0.914290114312897,0.8953995941009831,0.8930261848195452,0.7966258628199515,0.9608709175247905,0.9864692871340304,0.9713285129504756,0.5879591987169754,0.5660360965576146,0.930007272317089
5493006QMFDDMYWIAM13,0.4583442560541265,0.7844966664133218,0.8104260041843108,0.7523091765908901,0.9392854580722242,0.4808136699070742,0.9291256197609075,0.8873501369342326,0.3943348926428338,0.8843573746127578,0.45432972943884564,0.9554864378491165,0.5663598534946549,0.5566813399447554,0.5353452617380866,0.39792715396976197,0.3935843675510983,0.6727221545900564,0.5816142824174969,0.5251424375146037,0.7372099935736226,0.4936490504711496,0.7181018439040199,0.6343546717518641,0.8194480804242139,0.5365476036745932,0.6148172799261648,0.9454898944830561,0.7813517668392297,0.9214513558939327,0.9002575893360678,0.8880976446747237,1.0000000000000002,0.7680250477221761,0.8483389763383222,0.32356495722075057,0.5861864827356823,0.4691677409331639,0.737821321543113,0.7278261267238758,0.20551255966417978,0.45724678641985017,0.9154824268478884,0.8713990431253319,0.5580536007407769,0.8573109474639221,0.8213395335072081,0.925270221591957,0.6044244931054662,0.7129525904319604,0.7343133571385049,0.7675882712113363,0.7912849368550308,0.38695563623552304,0.6508329797912705,0.6830462650467383,0.8558854124175712,0.6723083993122024,0.726269296285773,0.569709304471811,0.8274095722713779,0.8297125259072828,0.8375017128294178,0.8180047559839013,0.753636376552861,0.7104270443811577,0.5600113543832147,0.7589381854898781,0.6079759275134673,0.9432400099181758,0.7999532573754061,0.601148905248301,0.6605839727072543,0.5906893187971025,0.6653663545516848,0.5579669573818443,0.569273740664087,0.39196305492106637,0.41685986199731817,0.8207758189147977,0.7041681036112318,0.6957019465290207,0.8694315059701343,0.3923406982936613,0.9243364026397255,0.9029153053364203,0.8259937959749011,0.9539419372305662,0.8947771541872861,0.5468333183708746,0.8793885171290263,0.5408293948980478,0.7767908874048731,0.7037951855891532,0.7592719766813946,0.8693102793334778,0.4564452008193301,0.8960776296765934,0.9080911330029088,0.8898433227475728,0.7166499121655203,0.9427156922359626,0.885317758994189,0.9347931041361617,0.5160776721967372,0.5074182708879905,0.9484430135442334
5493007SJLLCTM6J6M37,0.43183921153346805,0.8059734756068216,0.7697617926849315,0.7465625146749473,0.8340033172710911,0.5181551752740232,0.874443945212033,0.8682922178915309,0.2733107159942195,0.834749487311516,0.3595126528666583,0.84562159647197,0.4475138992008819,0.33201219215588446,0.432510304541205,0.2843575197433554,0.28084889581345285,0.5653162125552768,0.4923413307952524,0.3933147167353209,0.6877604806688611,0.3805370872426958,0.6923286028485077,0.5772701675811323,0.5270969789323547,0.408769352315096,0.535610208261293,0.8635148402216558,0.6600142292433323,0.790252203458303,0.8379884100858257,0.9261169977181625,0.7680250477221761,1.0,0.7139963215138431,0.20491743032752124,0.5095325344965141,0.604656551094559,0.7663376288401702,0.7264833126722251,0.23266161725920342,0.3679347126555229,0.8015841103458765,0.8507744766466321,0.5747649607078352,0.7729322847508389,0.7639189798386458,0.8034778152143907,0.8727703046892724,0.7327472574695482,0.7538809040579127,0.6489948163483853,0.6551770775974606,0.6706708069440588,0.6336494600843888,0.6446918631902856,0.9338697209212461,0.7311921530479669,0.6119540866304863,0.5365215990103419,0.6780073369957809,0.7632497163150197,0.7757684848407324,0.8534206809487376,0.43757391203742296,0.612700793599909,0.4687407190741302,0.7983689934601713,0.5927733341695284,0.7790065764731562,0.8536856279862195,0.5014415950141484,0.5433251064056133,0.7801080978301188,0.6414894049757085,0.48272949632642553,0.6095623478443633,0.2716547357444655,0.35354452631150673,0.7069365748541773,0.7003341554643768,0.6429402579516089,0.8303359311084564,0.2734215885232222,0.8108219052753066,0.7762445170347104,0.7628162083035501,0.8012856034985107,0.8504025371346854,0.4236227885701205,0.7906361978606075,0.4276223993739709,0.8385308374567834,0.6050125229576119,0.7194837964977278,0.7676241362260132,0.34793544054975406,0.8050366638167621,0.823181143386394,0.784123269771874,0.7482135446808873,0.8578322350269371,0.9275485830126965,0.8716219558344187,0.49358867166316406,0.5280162223805729,0.831908514894207
5493008QOCP58OLEN998,0.24182050435725552,0.7629380251663825,0.6047794786942946,0.6493604355625648,0.8694821594432015,0.31749182567125256,0.8366054136187266,0.7998064661198506,0.15591624979642657,0.8877144486885875,0.23372702712624227,0.8319606825340786,0.33906939741353515,0.35887037429481194,0.26682913666175767,0.17248486924477713,0.17597499910166406,0.4544227742284046,0.37136339122225603,0.2874537341138453,0.5603402421105733,0.260736282591588,0.5071595140951933,0.4472145789850455,0.7586166402423703,0.3140155855753395,0.6248463188285216,0.8883766976674539,0.6170536313828472,0.8978236950273776,0.8965817580559463,0.7948356194891302,0.8483389763383222,0.7139963215138431,1.0000000000000002,0.10540642211459794,0.35190580392278714,0.6147569244721094,0.548277383222173,0.5159020179721311,0.04289640533234939,0.3877625853497786,0.8224090800266174,0.8811885548410463,0.3098886378524563,0.8322985545697803,0.6508684714361609,0.859803321389113,0.5887677444717903,0.6300829949891865,0.5583286956326883,0.5611994753140547,0.5998185128227594,0.3480503240162107,0.5588836666806508,0.4808429217944613,0.7678809075862941,0.49854083058692933,0.5277664675084393,0.30845477878700633,0.8877306720734431,0.8682249794851622,0.850038246796313,0.7936626373688542,0.6960799736432846,0.44174044460188705,0.32554216972031486,0.6067937179515461,0.3805014801984903,0.8484835015978189,0.7081745026686773,0.35903037702167784,0.4728846617491684,0.4268823370825457,0.5852859652255329,0.36821687479521736,0.3895173728542615,0.1580713634963399,0.22142462447801955,0.7344303514478349,0.5162470398579562,0.46966982743456476,0.7010499354629676,0.15681972964746121,0.9029058396336517,0.9077267143110844,0.7219767202727229,0.8760205302512206,0.8736771988932274,0.31952867757405423,0.8424926914177395,0.3129854020093987,0.699661792747179,0.5133646346438393,0.7917250243279321,0.8883374888203948,0.219260941724426,0.8651045154892834,0.7276783386747415,0.8780004295946753,0.6915410670553755,0.8575690131405551,0.795114506520016,0.813758183479987,0.26944468946761424,0.34296149357894196,0.8438422156280562
5493009EIBTCB1X12G89,0.14740841307735222,0.1088823591318248,0.16387984978850945,0.137686333141157,0.1294990104633919,0.16811623656968674,0.23081890676919511,0.200381777389139,0.1258494683960465,0.14453922275785616,0.14950461952569274,0.3059333386883473,0.15658195148937915,0.9196087667156309,0.3904622544158915,0.1287229569211865,0.1266445650045762,0.29963938612533925,0.16189036317933497,0.1568577683844366,0.15350392747805,0.17196244558479853,0.1425118363330411,0.23207174481592488,0.07304278376653657,0.15504409752926493,0.06499655463281939,0.16726265265563162,0.22168189800524768,0.12473260230589622,0.12107614350035996,0.1773012696442409,0.32356495722075057,0.20491743032752124,0.10540642211459794,0.9999999999999999,0.15839211623860247,0.08966113962503174,0.23695819309979466,0.19983157092263024,0.0243054982564293,0.16318874187883783,0.14202810066859814,0.11133153075449971,0.15551965836114573,0.1748972556608492,0.1759043388386955,0.16649712942176606,0.1356367246002376,0.14084533814277128,0.25577631361202746,0.22170853244711014,0.15974928400738303,0.15853432786279034,0.27584601579362644,0.16813408795230111,0.1852693572210354,0.3297794675172215,0.23800660615207425,0.13880042973833753,0.09588824974823804,0.12237978233709912,0.20836104904118896,0.11443720227841732,0.048777411848618585,0.4023378247384268,0.16496907140625605,0.19995980209086384,0.2694649880861509,0.15236971084422066,0.19514804301377608,0.17146794583634045,0.20658233759314784,0.11340669486733848,0.08744281061552024,0.1657629546962723,0.19155808397460147,0.12409538222491975,0.14306635149175112,0.2350869888042951,0.16758543635150952,0.18171054890335572,0.19180289711092013,0.12374655701735136,0.17667546727718852,0.17415081193048393,0.1222912128445233,0.19721865945773837,0.17920491973484798,0.14766530492034588,0.13977276600035618,0.143758541392421,0.1457876452007507,0.16453939030238623,0.09873098485737261,0.17750545691193417,0.16059944419742506,0.14200454375300903,0.48240582215220934,0.1138560985028329,0.19195633720122995,0.1786164219538755,0.1635186318676551,0.21184722566456324,0.1660134732603084,0.1803239709933397,0.2189619522590358
549300C6TUMDXNOVXS82,0.9204110869926703,0.4345984521570819,0.8492022036130911,0.3929496362544296,0.5495158428136933,0.8713015114181625,0.6630190024352004,0.67617803767148,0.9436836237912452,0.4119150901693249,0.9540025992961241,0.6358497617981401,0.974013361207065,0.1283700388728749,0.7800289307534213,0.9416453397786264,0.9437411248026593,0.933193519148029,0.9729614648415277,0.9739037486687432,0.9291992914853217,0.9741319102882057,0.6179756498087295,0.9353134824149695,0.2172903560052503,0.9697922783777572,0.2145610782125587,0.5033917074419726,0.8935662853934654,0.5097351237301831,0.40235454422619016,0.6150421900782731,0.5861864827356823,0.5095325344965141,0.35190580392278714,0.15839211623860247,0.9999999999999997,0.13810599317374703,0.6253780248651198,0.8827883997412245,0.21066746630848557,0.3188580079636183,0.6117785130384886,0.3872107474109848,0.9746090086630266,0.2947913818717926,0.892879836308525,0.6676902597440757,0.4178388787045191,0.30766675848797403,0.7665482275820519,0.8746328933761668,0.6296723196109361,0.36514736405704246,0.3148075637464864,0.9460518656793198,0.5397213139518773,0.6696465937354465,0.9370369598494344,0.9653187697399257,0.337969379447567,0.4283866008358286,0.48929869705440093,0.3716907361244899,0.16685133816746517,0.9244767938112185,0.9657038169324168,0.7689999760059237,0.9593762362063213,0.6775333867125166,0.638825738672443,0.9720051767910541,0.9454537469263262,0.5527264331772178,0.4271436906491586,0.9422322308039282,0.8102897369527581,0.9442456097662716,0.9403596895779307,0.5090009485310575,0.8845718149074367,0.9417119775578835,0.7910134706648857,0.9452581450169703,0.5589404777531876,0.4628671942000245,0.4710877842447432,0.5342850360840622,0.39103554619385394,0.9718779272464168,0.5382833109984537,0.975057677148452,0.3765110780551731,0.946774319369095,0.3492554407660313,0.43854949089024753,0.9634493767456594,0.5730187285867909,0.5721774476343469,0.4302166689072332,0.441032244079679,0.6214806753152994,0.5616870400803947,0.7147596506042105,0.8639546460780105,0.871548051758236,0.6454279308109427
549300C9KPZR0VZ16R05,0.18575643788712495,0.5861477756688345,0.35915892580484104,0.6139282990021947,0.6259215005833433,0.059069542942612345,0.5573468125692549,0.592317449730906,0.022937856938388734,0.7356667661083136,0.0937582521790521,0.5788986664619843,0.1751758873133238,0.191609629913079,0.10544578065799616,0.030341565240152957,0.03097193431436223,0.3585382102113623,0.23666859559375933,0.07136781938324109,0.418782645423824,0.09669718941267841,0.1786954313968546,0.27985024027965116,0.1568834174920103,0.1252055510902705,0.5858151209841196,0.650811924606219,0.3983883640433206,0.6714214136327942,0.6981290635961057,0.6001535883113701,0.4691677409331639,0.604656551094559,0.6147569244721094,0.08966113962503174,0.13810599317374703,0.9999999999999997,0.14521937989196265,0.3473790513968942,0.06724507538494172,0.09035438565662901,0.6700411859359394,0.5969414796064616,0.14947077063144104,0.4585472988558897,0.439332975397681,0.6398798319349432,0.5112535919413373,0.6499035790084086,0.5494945053590267,0.40769492844576,0.26411809296557637,0.4974371035939177,0.5886804466886052,0.33177750984214904,0.594486112170856,0.32513796301664843,0.2509919478168849,0.10842709699921387,0.7445710059673355,0.7701613981532024,0.8526529330283552,0.5767784429885244,0.06775251374138418,0.18362108945604116,0.1352365334781126,0.4701583224212871,0.16530041406933363,0.555694159885904,0.34113625652248225,0.12820455592545651,0.3394154685358829,0.24301361441773284,0.4343652225123262,0.2774569502690751,0.41733462030560403,0.02318735454889278,0.0790420691715349,0.5925866942203543,0.38723689330928734,0.2137454524620738,0.49935523057393383,0.02243161228403127,0.6736111855492599,0.7006541078592948,0.5926702485389463,0.5544931560754568,0.754462073626191,0.1737620432741177,0.6268794202411444,0.14678650531633305,0.6632207520070712,0.3546757121593279,0.8104871341677524,0.7458724478580798,0.0671862339707177,0.6390576678263329,0.5723241469442532,0.7252922372046544,0.6258116181212225,0.6144231158620168,0.6136401529936079,0.5579309058252674,0.18838577059120107,0.349688357813425,0.5240069966397171
549300DYPOFMXOR7XM56,0.42863882567241507,0.7522810991903346,0.8187841248277183,0.5017575004844341,0.6826706621014117,0.643547230065954,0.7974068164603454,0.7640520398807621,0.3881791244049474,0.6381716175308948,0.4518515212711242,0.7906243709852033,0.5364158738540894,0.33217995058980326,0.5909103014475924,0.4009570900063109,0.38444153070932585,0.5279931854007737,0.5325421162727347,0.514009311437647,0.6385379977659217,0.48055306620561433,0.6948711158051728,0.5643939948716028,0.5728392116552502,0.5181179819941164,0.40829264650069724,0.716239598492666,0.6979288181038908,0.6525626147721759,0.6255549626730038,0.7456340837934737,0.737821321543113,0.7663376288401702,0.548277383222173,0.23695819309979466,0.6253780248651198,0.14521937989196265,1.0,0.780079554885541,0.13826039790181063,0.5974128348333961,0.627699751309572,0.6928626597455682,0.6266964503377367,0.7585162665704908,0.7415263705992241,0.6868031317115066,0.587339717767816,0.42850605573546907,0.6162070465358563,0.6865603875372498,0.7137676612475019,0.37097959219861393,0.5122368221570717,0.6129266898269795,0.7222772140368463,0.5868556627040905,0.7168823986808497,0.6730885719119741,0.473881581483033,0.5809179192822759,0.5007091550746308,0.692264000730926,0.49518084880099184,0.727606131770332,0.5659828580607067,0.6944953474258768,0.6704798259431274,0.7246911705533042,0.8493537552381892,0.6140279695555555,0.5567782096701925,0.6715536890323424,0.7280617973292077,0.47335024816221344,0.4998178297408411,0.3857416570854974,0.42013442683647034,0.6463005003020783,0.6099990088160233,0.6781598006653293,0.7721625667432201,0.3845516239581991,0.6754258666327596,0.6235732794337351,0.5615297112240345,0.7137795125797034,0.5888778646654498,0.48736900071039724,0.697517143221067,0.5004158528014087,0.5647580698367839,0.6083971612215144,0.44481083061603777,0.6079570882475224,0.4481284540648642,0.7117148730270022,0.6314756842589817,0.5815940013914535,0.6304152531859016,0.719082420540372,0.7159803141127712,0.7743169403813118,0.512179557187512,0.44020253606945503,0.803001585883171
549300GKFG0RYRRQ1414,0.827427775950464,0.5956070405604574,0.9424707519846277,0.6272547500427844,0.7225115709483236,0.7822785506262134,0.8242206158122102,0.8053381557539908,0.741341719711804,0.6483654732112833,0.8162504680838665,0.8110603881058642,0.8584670935595717,0.20419384108337063,0.7657227868249873,0.7503515918712292,0.7461182439311345,0.8727530949716898,0.8701556898470046,0.8276862708159514,0.8991098108836177,0.8161897750708285,0.6653182226475111,0.8561463604246943,0.3505835713205046,0.8408139917639443,0.3807063608170782,0.701479269808982,0.9278984058604917,0.6948247559002777,0.6207489763676671,0.7785954530779456,0.7278261267238758,0.7264833126722251,0.5159020179721311,0.19983157092263024,0.8827883997412245,0.3473790513968942,0.780079554885541,1.0,0.3731796053055586,0.5704153139045081,0.7844088975377876,0.5794010996927486,0.9099515777318521,0.5677191617356664,0.9332655419876376,0.8007789936950204,0.5834502290832962,0.5810738635218652,0.8689594091364252,0.8544767695423766,0.7192991248947042,0.5766856967841226,0.5666455266577864,0.9183582175203907,0.7294956776267066,0.6658526671342767,0.9330118469427898,0.8930119909206696,0.475308871920866,0.600874933312097,0.6678321110271951,0.5592642303167801,0.26226530043141244,0.8939255602460172,0.8881296781177536,0.8885140238905583,0.8875833522481128,0.8234403516622985,0.7986001699218681,0.8650375885497709,0.8919094930443857,0.6709857800791516,0.5687492165377969,0.8554321187881849,0.8652165548010823,0.7431932860226774,0.7841656701657271,0.7273590302269579,0.8933814142755344,0.8923446363784633,0.8929419280211118,0.7450909409141544,0.6970127962047071,0.6064932803106363,0.6783521932030528,0.6802864010380287,0.5982680880510393,0.8309876115955398,0.6533279234414987,0.8335040223271339,0.6229690456101685,0.9040685408087541,0.5305619087274784,0.6223206405632579,0.7836206066930208,0.6877392109867306,0.7287853669423648,0.6158405715380716,0.7128592222038134,0.7678652565601692,0.7359593991160924,0.8495263169367608,0.9024870137179062,0.8398163112641289,0.8262842062852712
549300HFEHJOXGE4ZE63,0.271163584780053,0.09488079900239707,0.3716708607856918,0.6120517732033669,0.29507874024314595,0.10722747560301889,0.25725464117989466,0.24617447631302222,0.1353449028524145,0.222473349837371,0.18074438631001669,0.2537350581235659,0.18963710066266265,0.05785756313769475,0.1419052313746402,0.14766318301872472,0.14080222671583634,0.2180184631713161,0.2100033187555816,0.16482927792139493,0.2693034254584134,0.15993955293432685,0.35150119807677305,0.20184254175484634,0.07901143112766668,0.1454700161402902,0.02303933116726217,0.23173986268582675,0.24131160545829394,0.24740412988578017,0.2610842389227907,0.31870623268493864,0.20551255966417978,0.23266161725920342,0.04289640533234939,0.0243054982564293,0.21066746630848557,0.06724507538494172,0.13826039790181063,0.3731796053055586,1.0,0.04880491460597158,0.35640513741706725,0.19248138466815787,0.3394073722820542,0.26461842908947525,0.27680841076284446,0.20576811044001989,0.34090958785920955,0.6517830596577604,0.3043493328775919,0.19946277200094073,0.3234255071448681,0.12420244425417229,0.3567711767672423,0.25010159918616914,0.3442741652961373,0.14405383208625483,0.19702651456499726,0.37224059438879653,0.0933369742250701,0.1297621590306817,0.19038953077686746,0.2554566205391217,0.037934332335722756,0.20631856543347116,0.23521233807714534,0.2068045822172286,0.16832221760940164,0.2386040889010867,0.189724204686753,0.1785058169621536,0.20415374612790807,0.37310244820098865,0.13029333008411526,0.22946300483947543,0.24464574571303066,0.13641497034886305,0.1539353913009121,0.24821855297227063,0.29260026318505333,0.20164733957131972,0.29192272974811034,0.14642081161886877,0.14123980758248053,0.11949390290092976,0.5685582099821841,0.26297741505368444,0.21992021666047062,0.18854117475857143,0.1319212281910319,0.17792678554537916,0.5135121274154011,0.23828081181034158,0.09929958374317711,0.13944085697160338,0.14195575661598564,0.13163234172313046,0.3446889351852481,0.2654875002526914,0.1562122017248677,0.2403306259137604,0.2784236202997292,0.30924902115779845,0.5549996063409905,0.23483485586328798,0.2233783744756016
549300L7YCATGO57ZE10,0.2614919625626051,0.24176021192374167,0.4343784760932515,0.2557093393416515,0.359887358547695,0.34496609033136066,0.5243013928319602,0.463034796639572,0.2270974858803574,0.4676866010538283,0.3324944273502555,0.5216867024396842,0.36088020574136553,0.16486406263545494,0.5700315334295609,0.23251496582606063,0.22583457911423208,0.3156351059245537,0.322628024242735,0.3438735490033258,0.3408442465403433,0.30023389702744563,0.271788773861777,0.3203282163695501,0.3622443083244927,0.391049793558928,0.2872486604337885,0.39673906198058895,0.5798657108096551,0.45005522955874677,0.3467460094390845,0.41568438823325976,0.45724678641985017,0.3679347126555229,0.3877625853497786,0.16318874187883783,0.3188580079636183,0.09035438565662901,0.5974128348333961,0.5704153139045081,0.04880491460597158,0.9999999999999999,0.3895136065681275,0.38119576237051134,0.32687126625324975,0.5035719020293863,0.4430503699154367,0.4995398101292294,0.33058849734568857,0.21282651967530797,0.3182527420865315,0.3769438648109371,0.45595769570031286,0.35517341506471056,0.4621557978097391,0.3768734734802799,0.4239110112630393,0.34599950874541907,0.5748989682103427,0.2999579263457753,0.28496713598065043,0.3854474854520592,0.3526580784716573,0.3396205552568208,0.2748507556025258,0.4980704306028237,0.4530734516192821,0.598137504244307,0.3976073090442438,0.5626357126702962,0.5947700872085233,0.37009540249304007,0.42324786303328016,0.3865117104485386,0.2397624798724954,0.30908734331810106,0.35915123784671554,0.22792473197414392,0.2761290271714481,0.6691856967866198,0.4233019298890672,0.44037569006908656,0.45190283560108535,0.22685115442112597,0.43004917761070677,0.35696603450303327,0.2783341601638018,0.39442007330559875,0.3135616649285459,0.2783513232712604,0.3329409553512614,0.2969632709959224,0.23544672620557375,0.41606484533243016,0.35607887777276054,0.4388331278622003,0.26980324355427543,0.3477889193406133,0.3482822355216785,0.33983134352804195,0.7697395505159496,0.4513284635950062,0.39594434793116356,0.4488406608990365,0.43704197276522944,0.2591530660998017,0.6032674052301225
549300NYKK9MWM7GGW15,0.5560829874118386,0.7613180743465647,0.8340736556515059,0.8341804006777953,0.9521495251841904,0.4542111331348845,0.9322074542739981,0.9061939520513725,0.43535845125947903,0.9261884751110689,0.5107819781404007,0.9303922379932866,0.6131279177290296,0.34733335467592324,0.5302897466670705,0.4482799398270992,0.44137547334297794,0.724899457780252,0.6460238484228914,0.5487444469940406,0.816015562762136,0.5295632583648796,0.6551085090704505,0.6884161918684254,0.6390498149885727,0.5692779687470996,0.7090252904202176,0.9350993049687139,0.8126671675993756,0.9544711582887216,0.9175232759720885,0.9109793070832762,0.9154824268478884,0.8015841103458765,0.8224090800266174,0.14202810066859814,0.6117785130384886,0.6700411859359394,0.627699751309572,0.7844088975377876,0.35640513741706725,0.3895136065681275,0.9999999999999999,0.8534945769522506,0.621397515168538,0.7705673524032581,0.8684916202297894,0.9567302988043195,0.6765909657516459,0.8188707059203063,0.8205662065352685,0.813146523680741,0.7200822775812081,0.47711566077959483,0.7809615424483661,0.7458621525877809,0.8894062329339703,0.6636302334141764,0.7323375904714929,0.6091033575335734,0.8588513558609705,0.8870933319661919,0.9374256431283428,0.8134346074624338,0.5456330068940171,0.6748077683540694,0.6047216104108516,0.8111088666778474,0.6078310176808565,0.9520832264795672,0.769890761356278,0.6001486337694164,0.7343061135351164,0.6330875750333611,0.6464920719593096,0.6547965399951581,0.68120788806992,0.4370525230265887,0.4744553852469619,0.8748832312642864,0.7837996822266836,0.7080612060055547,0.9020145080274331,0.4382056750280695,0.9287161195462326,0.9056864115430284,0.8894635003938408,0.9182361856923535,0.9269035261435402,0.6027819506919655,0.8656467840471049,0.5865169788667841,0.8437083441713105,0.7711336805749485,0.8710596640847177,0.9005833735409076,0.4910809126896031,0.8930734284843496,0.901767159793708,0.9521554446815327,0.7873995993011519,0.9636938484480586,0.9130080639320279,0.9401233963381082,0.6303285236964669,0.6181739878994966,0.9162414964790686
549300OLBL49CW8CT155,0.19888396709694683,0.890509926122353,0.6683090829239046,0.7327558713362908,0.937212951496206,0.35361539720535584,0.9027688257559681,0.8976519791076439,0.12323055673633866,0.9515830490301475,0.19006321144191826,0.902740040280082,0.3242177326268273,0.39013005153462943,0.29335754029394384,0.12960934221484186,0.12725350485200151,0.42405215273696395,0.34589932100724863,0.26460733793537994,0.6039927834328078,0.24105047488158735,0.5993296244281412,0.42637204865981493,0.7501342235189778,0.2897963359178751,0.6492873191712452,0.9448247124861519,0.6497704424387741,0.9456748393464256,0.9612730238896305,0.9109346411989744,0.8713990431253319,0.8507744766466321,0.8811885548410463,0.11133153075449971,0.3872107474109848,0.5969414796064616,0.6928626597455682,0.5794010996927486,0.19248138466815787,0.38119576237051134,0.8534945769522506,0.9999999999999999,0.3833261457683195,0.9081933422122526,0.690272188797711,0.890202284445643,0.7971330387899863,0.7058267306895255,0.5434841747329696,0.5946452063472382,0.6595379504884142,0.3068176780373553,0.6452277970009817,0.4810305404073624,0.9042236441822797,0.6070620531727912,0.5417747534411047,0.39784439818750855,0.9151198860875001,0.9276156328715194,0.8455024984208745,0.939475556674261,0.6639680869069474,0.48211411559585476,0.3213061961939277,0.6326534911502374,0.4491402067026125,0.866523479395844,0.7866662199900407,0.3659485989678361,0.44966040553566233,0.6115222778070155,0.6725645564832555,0.3179009459967855,0.3329929654636738,0.12384704496214356,0.15855760763322138,0.7869879102454478,0.5537294171333644,0.500478164782628,0.7663800987228256,0.12572243488764523,0.9384598153900681,0.9478049269177038,0.7793319039193796,0.9481570972615313,0.9372734373705284,0.2961287510779303,0.9174399873119342,0.29261650744397366,0.8079802841242735,0.5239884368429847,0.8392104452917666,0.932060246927309,0.2008205621717268,0.9360343292434756,0.7858015378934069,0.9355826031407041,0.7456183031434297,0.9280123668319578,0.8908289072022149,0.8793238807765283,0.29739456266731074,0.26581966723358585,0.8886370551112556
549300Q3OIWRHQUQM052,0.9340525419937556,0.39928384671053946,0.8567624811036906,0.44700257096080265,0.5421030353225486,0.8518443182925218,0.6655997093991978,0.6707367968608571,0.9113936694078358,0.41255618369086416,0.9377133746187645,0.6222923707462621,0.9481325019265496,0.10550008805347086,0.7833150868930008,0.9142177491631702,0.9150073624528696,0.9178167674858178,0.9540006663072058,0.9461634843346116,0.9244564929104676,0.9455491479056769,0.6373302616988181,0.9265587119737124,0.17514386855098035,0.9389799229139232,0.20231744671822674,0.490824314368677,0.8695798878389377,0.4913091116822238,0.39690643890303373,0.6427656224435451,0.5580536007407769,0.5747649607078352,0.3098886378524563,0.15551965836114573,0.9746090086630266,0.14947077063144104,0.6266964503377367,0.9099515777318521,0.3394073722820542,0.32687126625324975,0.621397515168538,0.3833261457683195,1.0,0.28977825778719346,0.8865449833390807,0.6433784759391644,0.512841199145437,0.3838519346215781,0.7892010272572615,0.8466875590269474,0.6124022858749244,0.46226561654252707,0.36992746023925094,0.9507364679732389,0.5905668974271628,0.7163740058042353,0.9158739941527263,0.9673392601799318,0.28752698397229326,0.39500253307919125,0.4772081864239745,0.39206148751115083,0.11576679108591958,0.9179052239745997,0.9592690414990608,0.8055121832528395,0.9498469936092883,0.6551254308063067,0.669466899149386,0.9427154039716734,0.9255840060749706,0.660539719173596,0.3921590101969496,0.935886115082218,0.8431017386284204,0.9132382579840775,0.9286085964297187,0.5174351859740891,0.9127197822815489,0.9456256662076534,0.8015932305195397,0.9157925727433252,0.5225792653493821,0.41871027080881285,0.5056840408028273,0.507322693933407,0.3968966008856361,0.9443948234941,0.4892585725043948,0.9499146995268172,0.43167409318480443,0.9318557267236312,0.3474276766478444,0.4037972403386244,0.9352242012578796,0.5247199496118918,0.607448810216484,0.421122442747207,0.47438841547600313,0.6193254058475363,0.5960945564077144,0.7133530367848255,0.91869049302221,0.8878018625529114,0.6273618770794694
549300RG3H390KEL8896,0.12113537680631557,0.8535537750796116,0.6807021253589752,0.7436060788743679,0.8656881819665379,0.2853774392970428,0.8340971896948447,0.7918555162433949,0.02508160914471446,0.8732132180497457,0.10686486134233333,0.878715020787787,0.23944762389561688,0.43439830187841866,0.2568217745906256,0.029440642119977437,0.02564589431782557,0.3296214872985221,0.2510656657941753,0.17564852414643656,0.47714531717827235,0.14035350196037572,0.5987072057050181,0.31996623383050626,0.8048957689938249,0.19811020676321217,0.5384985652337757,0.9118701887191161,0.5626462222598899,0.8614397970266521,0.8924794040732069,0.824904707710584,0.8573109474639221,0.7729322847508389,0.8322985545697803,0.1748972556608492,0.2947913818717926,0.4585472988558897,0.7585162665704908,0.5677191617356664,0.26461842908947525,0.5035719020293863,0.7705673524032581,0.9081933422122526,0.28977825778719346,1.0000000000000002,0.5971057923741487,0.7939372330318193,0.6392267616860284,0.7263248043840376,0.5078864566133535,0.5057578460370755,0.686146380311868,0.32238902391872326,0.5803206901340202,0.39485746712255065,0.8156671020698457,0.4584571113836067,0.4758631904261262,0.35819436208304983,0.7916278703243401,0.8026304056744155,0.7279564498312233,0.8833827158904903,0.7357023105551503,0.4364936186990838,0.2491490402600576,0.5672047022850367,0.3279875843245741,0.8164005400273838,0.7242626635378956,0.2927697055004247,0.33623980931167036,0.5431070499205326,0.7598430814089671,0.21225290817583467,0.29939225734499586,0.022247282876814708,0.06417716921331339,0.7355712929994145,0.44684816076034295,0.4081231801202434,0.7217208333300623,0.024473287935880467,0.8396519366637342,0.8446947753397709,0.7857821698352975,0.8867735252190234,0.8509051077738566,0.19445001793839412,0.8284681403585402,0.19407687486671324,0.7904660484034632,0.416613527335577,0.6832171068512362,0.8339343959711696,0.09640583757567368,0.8359642050191157,0.7313544508258829,0.8337650910683795,0.695434856605039,0.8292625912252422,0.8067708892856014,0.815505794783968,0.28302079617427556,0.19891558305756082,0.8632182662226617
549300TK038P6EV4YU51,0.8280312457926188,0.6564492043370269,0.9411361917445256,0.6818650008405444,0.8141608659739908,0.77647608478633,0.8923362084926004,0.8912632762954819,0.757183744232865,0.7311035663798428,0.8119470226103779,0.863215160430676,0.8742375302715524,0.25139440151774267,0.7771233514162458,0.7647022125285277,0.7593291313552262,0.9125552615301238,0.8984797918433411,0.8450013031025468,0.9488146573988613,0.8299521037366459,0.7330960835055209,0.8985489708724044,0.4791636293407761,0.8534435625527534,0.45526374468850184,0.7937017935785239,0.9483011207360328,0.7939151772000518,0.7258135126736276,0.8540537190058435,0.8213395335072081,0.7639189798386458,0.6508684714361609,0.1759043388386955,0.892879836308525,0.439332975397681,0.7415263705992241,0.9332655419876376,0.27680841076284446,0.4430503699154367,0.8684916202297894,0.690272188797711,0.8865449833390807,0.5971057923741487,1.0,0.8893674814406822,0.6168297343434225,0.6109373053777939,0.88993532511133,0.9480505916485721,0.7807117474629963,0.5163497190736548,0.6131880138237307,0.9336600803502779,0.8019625875774964,0.7330090519417825,0.9299379630168332,0.8612106480205828,0.6386546857609564,0.7201587640530833,0.7738547500746231,0.6482127693542864,0.3916869776865252,0.8968168440484229,0.8741689551119248,0.8924945718225583,0.8818152883509331,0.8912907765020079,0.8272337481160742,0.8871162297408566,0.9214382990182189,0.6482308476821055,0.5713100844823171,0.8773026893675133,0.8418836401202511,0.7565746083446165,0.7864260920269424,0.7840280890263078,0.9120573066912293,0.9222582257277016,0.9217988643587134,0.7567047245699481,0.8252128653555115,0.7466795554428118,0.7487634733637197,0.8005837273208923,0.7130976089245907,0.8591036582389587,0.7842010747294911,0.8553131502676853,0.6862128687905866,0.9382813536957235,0.6354464609852737,0.735639120799719,0.8011458777523771,0.8120647980073259,0.7931698589449981,0.7461238594859749,0.6942937612530963,0.8691067330409447,0.8244965530778526,0.9279601183802705,0.8246516268679508,0.835018181968139,0.8846216908971613
549300TRUWO2CD2G5692,0.5486972617855552,0.799827484769678,0.8264559913103985,0.7575985415925637,0.9503173881152056,0.5506406889159252,0.9661593388444856,0.9578740016384483,0.4880513730707975,0.9442407819866758,0.5554024576462835,0.9656618450037655,0.6630068652143334,0.35975310740857447,0.5608750338148025,0.4924835126100695,0.49020334907529983,0.7451151744610315,0.6806530260516206,0.6022537732677311,0.8473829695424604,0.5863181912486545,0.6572886456909642,0.7177952890219231,0.6416587681875139,0.6358588235676753,0.6677942052994316,0.9424830803378773,0.8910649587587629,0.9717679905197075,0.9162816769486387,0.9348607382016506,0.925270221591957,0.8034778152143907,0.859803321389113,0.16649712942176606,0.6676902597440757,0.6398798319349432,0.6868031317115066,0.8007789936950204,0.20576811044001989,0.4995398101292294,0.9567302988043195,0.890202284445643,0.6433784759391644,0.7939372330318193,0.8893674814406822,1.0,0.7140024255185891,0.7124736018697563,0.7798101503182333,0.8282882450034736,0.7581096706630965,0.44890920315293514,0.6913150538855095,0.7700486875681055,0.8977192739882147,0.7183934159055001,0.8082116786972123,0.6368082226468885,0.8943563041143451,0.9303805585866357,0.9384828580244611,0.8395840554376385,0.5498933082438793,0.7378359025724304,0.6554451746993551,0.8471378331545981,0.6870870557645955,0.987970756231939,0.8200289203113144,0.665388287695388,0.7759146392518663,0.6301491047605271,0.6527008384055559,0.6671620157330773,0.6469490029274346,0.4879672816446893,0.5159949633338192,0.885689859776675,0.8096288141121855,0.7586416499896995,0.9185702282113576,0.4885720432618968,0.9778024080130012,0.946620490226099,0.8218019326258836,0.9427062951630111,0.9166579844690158,0.6398302150171604,0.91966473589867,0.6317845174866421,0.7816499589599825,0.8163128345994424,0.8782092757837593,0.9459539103544948,0.5500061454966587,0.9457647003013017,0.8671334824399655,0.9336441238462284,0.8429705965047772,0.9811861396648603,0.913973975464296,0.96258881791232,0.6047288376338293,0.6055817327604658,0.9619156174900092
549300U4LIZV0REEQQ46,0.3086179219979115,0.6430104753532956,0.570634993612601,0.6493382399746263,0.7157880820761044,0.42692566243016244,0.7794722181322632,0.7992341665285048,0.219942930504897,0.7640813209275573,0.2858383051239121,0.7183698563341886,0.3671078685065845,0.2590806611970257,0.330691855420151,0.22792804487438628,0.22645603963455177,0.43639340879625116,0.3901590488453468,0.3145733783789545,0.6281760208572591,0.3120368324427909,0.5919325402941843,0.4873555484259771,0.3652750415107804,0.3397563171705331,0.48126806830623137,0.7044104446137649,0.6009650965281239,0.7117124813660227,0.7162366928544663,0.8630001717662374,0.6044244931054662,0.8727703046892724,0.5887677444717903,0.1356367246002376,0.4178388787045191,0.5112535919413373,0.587339717767816,0.5834502290832962,0.34090958785920955,0.33058849734568857,0.6765909657516459,0.7971330387899863,0.512841199145437,0.6392267616860284,0.6168297343434225,0.7140024255185891,1.0000000000000002,0.6397838651700423,0.5305135311585251,0.5157534950857351,0.5351074296757364,0.4871345453420306,0.5700554742613714,0.5294783781485758,0.9030088535726977,0.8026329695975633,0.5314206918056779,0.4623074020831595,0.6351595480085138,0.7057644873342159,0.6718830337882699,0.844784522961368,0.27510045980676207,0.5337277937545464,0.4009707064335674,0.7074749774454747,0.5221730426726056,0.6712120253358748,0.7655853441439318,0.39416329978308895,0.46630154288979647,0.8584851476686218,0.44415725023463964,0.38418772311447696,0.3903418126624797,0.2201999204400325,0.27886623718362036,0.6381662511940259,0.663264014558004,0.5730338114376156,0.7212749252249163,0.22501472773792658,0.7152108765168869,0.6886099100210695,0.6447790066050958,0.7032459042466451,0.7555510012134317,0.3404923913583884,0.6766585386328151,0.3495784169519644,0.7238704763834406,0.5428387121684309,0.7130031540979337,0.6961150852144716,0.29483161402652824,0.6899020200777942,0.7293863808379554,0.7018154747585973,0.7294310691822317,0.7742618838220372,0.8426261936085658,0.7447147879421323,0.4356399232236798,0.3553796771504895,0.6818651523586378
5UMCZOEYKCVFAW8ZLO05,0.3370235071531748,0.6209105204095273,0.6472999181447312,0.9801208825536726,0.8106341130699862,0.23171203645999516,0.7215088726434852,0.7220810733827238,0.14170690173257902,0.784231732358971,0.22049155276731125,0.7417817986376029,0.3032069913227193,0.30977637589417073,0.2218774776572541,0.14615847413746696,0.1411723161956245,0.46201356265174115,0.36066645982972767,0.23065998278079627,0.5368087521977944,0.221174235671232,0.659860147523384,0.4054351104540304,0.5042965231181666,0.24362374354449645,0.4807887077444856,0.8084449524686023,0.5159626929701024,0.7588070007826967,0.8234349629112367,0.804225315731833,0.7129525904319604,0.7327472574695482,0.6300829949891865,0.14084533814277128,0.30766675848797403,0.6499035790084086,0.42850605573546907,0.5810738635218652,0.6517830596577604,0.21282651967530797,0.8188707059203063,0.7058267306895255,0.3838519346215781,0.7263248043840376,0.6109373053777939,0.7124736018697563,0.6397838651700423,1.0000000000000002,0.7158069342065405,0.5096280822063542,0.6809899125582612,0.5296516862626386,0.6357138026152795,0.49298465920429974,0.8090353386296605,0.4515949344985909,0.41146756682328023,0.3860411378755931,0.6644487611786424,0.6886482867390226,0.7662289672278069,0.7348756940526323,0.4367408554288011,0.393240388096362,0.31718181447894395,0.6109353333236194,0.3113796600154353,0.7111093341996702,0.5618747689754311,0.3385211092215372,0.4116278820945368,0.5469903897675321,0.5192866656949598,0.3747924817415946,0.5192826803980475,0.13353171371184178,0.1909374582699421,0.6446906630068815,0.5500261827189098,0.4246216644673237,0.6945837365786992,0.13880960675280224,0.7114232345446856,0.7033312219977939,0.9612622274300063,0.7639406129171684,0.8251700469352667,0.29726066946338026,0.6951823725673458,0.2812097263691614,0.9635731237679863,0.46868421535794563,0.6606796663524016,0.7065365811117365,0.18654221024337067,0.6804944744685044,0.7908290122721217,0.7866403268041862,0.5956185297866636,0.7432376391851448,0.8110987754612424,0.7773235239035148,0.5223447848600551,0.43823512555665484,0.7186375159909337
635400AKJBGNS5WNQL34,0.8035567126230302,0.5770546355962681,0.8615305503935634,0.7551978076466145,0.7428752195602272,0.6868931009232915,0.7880470543733369,0.7879338148331525,0.6741574551476652,0.6634743245946358,0.7354391246182186,0.7689478296583028,0.7727609572638572,0.2699673581946459,0.6290690867906044,0.6839391055475239,0.6736361436987612,0.8764202193843345,0.8268042365148035,0.7324316568899363,0.8534542839362902,0.7330657215821771,0.752346838105242,0.842732642115634,0.3385040929278342,0.7407831718451228,0.47667949007473753,0.7380974980952312,0.8026382143422656,0.680923536166028,0.666540036340329,0.7939799457567942,0.7343133571385049,0.7538809040579127,0.5583286956326883,0.25577631361202746,0.7665482275820519,0.5494945053590267,0.6162070465358563,0.8689594091364252,0.3043493328775919,0.3182527420865315,0.8205662065352685,0.5434841747329696,0.7892010272572615,0.5078864566133535,0.88993532511133,0.7798101503182333,0.5305135311585251,0.7158069342065405,0.9999999999999998,0.8348273996905112,0.7485841878126206,0.7155692879512027,0.571919177380145,0.8858530020424471,0.7479481574217094,0.6556965437098576,0.8037056316151191,0.7456538888671342,0.5165047482134729,0.6114115726052393,0.7513976625403187,0.550926094301015,0.2726676567216058,0.7973384642926654,0.7769997773412469,0.8794740077668785,0.7636606689798291,0.7785860170357536,0.7228777637666339,0.8035268795296131,0.8294642349133106,0.5936750069137532,0.5253170724216055,0.8337141022856374,0.9172478880962853,0.6675328046007417,0.7197651996315952,0.6442139841372627,0.8576018427970742,0.8258416185512404,0.8646888093372174,0.6667483060838425,0.711679617559367,0.6387267092380892,0.7911047631177289,0.6882171870122545,0.6927160479000424,0.7762579333135223,0.6859422085173286,0.7669996660356234,0.755233288954027,0.8351362916988702,0.589752013794271,0.630440223002397,0.7066630034136054,0.6911095505437841,0.806964812527638,0.6550414232433698,0.6258888346564503,0.7580835656526711,0.8049178903854652,0.847849251271046,0.8056089463002325,0.8856969224384054,0.7795655529735431
635400C8EK6DRI12LJ39,0.8162062236919223,0.5993844909789079,0.8910781009126679,0.5926105716138839,0.722199721109728,0.6972091807937716,0.8175740033248503,0.8249293523654629,0.7828452923289438,0.6566490438946473,0.8143929294888693,0.8090723598614841,0.8860629745802252,0.28345262460834586,0.8313809815402687,0.7862499905660063,0.7785576377887702,0.902229570048822,0.8948681087520142,0.8434851421629386,0.9388056970537402,0.8308995972040426,0.668107928495465,0.8878184175338781,0.39379498457094975,0.8530863262712233,0.48026681792324766,0.7124724379796719,0.9023742801455671,0.7279837323988471,0.6155521447809682,0.767058907914128,0.7675882712113363,0.6489948163483853,0.5611994753140547,0.22170853244711014,0.8746328933761668,0.40769492844576,0.6865603875372498,0.8544767695423766,0.19946277200094073,0.3769438648109371,0.813146523680741,0.5946452063472382,0.8466875590269474,0.5057578460370755,0.9480505916485721,0.8282882450034736,0.5157534950857351,0.5096280822063542,0.8348273996905112,1.0000000000000004,0.7187184906652324,0.39408468127514484,0.6400727411690735,0.8946538209026639,0.7248299473771459,0.7357403480616796,0.8865165948309166,0.8512220042372294,0.6149330248565454,0.6759113168790205,0.7294083310607847,0.6114290155710189,0.30431470414839457,0.8981790877624739,0.8540085625738488,0.8355073328123972,0.8154140864808875,0.8302402691083718,0.7034067799087412,0.8613885794037368,0.9193452235209707,0.6128906019250944,0.614246469909611,0.8759961200731272,0.7899451861290638,0.7796875073936388,0.7882800937364381,0.7754291406909273,0.8817741089725198,0.8966920633532331,0.8946687853424573,0.7780910080125053,0.7714884050630545,0.7056753094560996,0.6602785093356353,0.7321983115700326,0.652090926919388,0.8703029626955566,0.7361834062110406,0.8592691777616985,0.578084948141538,0.9334549659277764,0.6276848240406471,0.6905600983273525,0.816351926421555,0.7583684083578419,0.7578687069143064,0.705021970060334,0.6371515688691528,0.8147719102373925,0.7497655017363365,0.8475438134006523,0.7648153855946563,0.7983633244237867,0.7908638713153284
635400L14KNHZXPUZM19,0.5109160669639725,0.6322355533534497,0.7464414593533827,0.7986441166307114,0.7866420952288543,0.679467379001139,0.76816160065424,0.8393260907970587,0.4945569809910198,0.6892951055583326,0.5231802463925967,0.7731305319800799,0.5912969828688955,0.2866582118198855,0.5057285805172845,0.47540988198996087,0.47102471051308054,0.6216415426182982,0.6188895844908345,0.5757526063671887,0.6854783671888232,0.5505138113700511,0.9412547435872014,0.6383429058358606,0.5851633682965774,0.5833982174357382,0.4399205443431946,0.7650164006743186,0.7448321814056121,0.7179951191108994,0.7098933054470079,0.8113703234807866,0.7912849368550308,0.6551770775974606,0.5998185128227594,0.15974928400738303,0.6296723196109361,0.26411809296557637,0.7137676612475019,0.7192991248947042,0.3234255071448681,0.45595769570031286,0.7200822775812081,0.6595379504884142,0.6124022858749244,0.686146380311868,0.7807117474629963,0.7581096706630965,0.5351074296757364,0.6809899125582612,0.7485841878126206,0.7187184906652324,1.0000000000000002,0.34174630461370514,0.4511881505759596,0.6632806520754017,0.7725745356346667,0.5616204540949774,0.7233456997681177,0.6225143388621734,0.567139392195629,0.6371966617784912,0.6038540597842627,0.6575328489815148,0.5316245216132026,0.6874657268156591,0.6209496672726974,0.7410417837928289,0.648714455902911,0.7809970765678247,0.726513443590639,0.7354270011329539,0.6298003157349978,0.5411366354907396,0.4931380238221951,0.5674044201255644,0.5432452225963228,0.47100870221786345,0.4872061370438136,0.6357827802562165,0.6626829901647187,0.7090510204122491,0.7616543152665266,0.47204185821172584,0.7537548085430256,0.6964841013365306,0.8271183004312258,0.8200723310033516,0.6825146230217517,0.5715684281318186,0.8092777223554737,0.574534775809249,0.7791261177763859,0.6714086971027787,0.5048934818413785,0.6712290440570599,0.5283337071801814,0.7593963971897559,0.6933763825601513,0.6577543011989876,0.5743633635462477,0.7471601799908458,0.801287179040088,0.8579239191435174,0.6113168571667918,0.5279244536230479,0.8400990754376534
724500A1FNICHSDF2I11,0.5384059004649395,0.25699861156663323,0.5280623188796079,0.4844321928692469,0.3916318506896221,0.34338648336536237,0.5088358682753341,0.4282184987093664,0.32608373261729584,0.41879666090745477,0.42453053319383016,0.455838223701688,0.42042597026012385,0.08144058971673213,0.3637726090081015,0.3452772207826798,0.3377816929883668,0.5403616361145207,0.4680268106452561,0.3796560829288912,0.48064196118801594,0.3787046623861395,0.4008488014336351,0.49367102869194635,0.16755109310933466,0.399110830616016,0.14376166659669207,0.4602779257196774,0.43104655481356685,0.34746768889568497,0.40264364590204005,0.5453697799310763,0.38695563623552304,0.6706708069440588,0.3480503240162107,0.15853432786279034,0.36514736405704246,0.4974371035939177,0.37097959219861393,0.5766856967841226,0.12420244425417229,0.35517341506471056,0.47711566077959483,0.3068176780373553,0.46226561654252707,0.32238902391872326,0.5163497190736548,0.44890920315293514,0.4871345453420306,0.5296516862626386,0.7155692879512027,0.39408468127514484,0.34174630461370514,1.0000000000000002,0.31558983953739195,0.5999311502589851,0.5459608442383823,0.5343648263354756,0.4423464680188773,0.3576319979564448,0.21089047166580432,0.28906716828993845,0.4877010873037616,0.3590196729510221,0.13217031892871497,0.47504054951882013,0.4592006308746928,0.7237139660601186,0.4135879833170659,0.45834616332121536,0.5612965890065844,0.4103200031887225,0.4606245565479649,0.552585753221724,0.261152358344743,0.5001648578230271,0.7696641640383178,0.3283597650919766,0.4336173886014059,0.38419737236409424,0.6198577928454604,0.5347925073309405,0.5682466813583243,0.3278426971320081,0.37465659592092904,0.2911273807727424,0.47726314066752423,0.30170034842824284,0.45382891269331355,0.40443261525527613,0.27473846392328444,0.4145792270584136,0.5259686588853478,0.4734861826384448,0.36397998603782417,0.31423787753532423,0.36236191693663045,0.29414970968211607,0.546125214831047,0.3265632523665734,0.5525351294128512,0.4515740672604387,0.5840316248306623,0.5008580515740774,0.535561302256226,0.6762694285232324,0.4721878052495094
724500JIWG886A9RRT57,0.317876268739338,0.5096066500018432,0.5650825008584343,0.6367866643417193,0.6594675091293327,0.20128579076712572,0.7039890049201902,0.6809341405238073,0.15800685871878473,0.7486276386791316,0.2547832026292754,0.6996059839386428,0.3355705801267332,0.40480619565829795,0.582518559792368,0.18197695111962647,0.16386919649176096,0.4400890012810687,0.36204694959687633,0.27167372373424337,0.5251759304922956,0.2462529239809859,0.377059076087827,0.4212999269663366,0.38378310280491584,0.295551809221065,0.7594995610990372,0.6557769555123868,0.5669566727928298,0.7329178612664999,0.6635068678887323,0.6548183885888031,0.6508329797912705,0.6336494600843888,0.5588836666806508,0.27584601579362644,0.3148075637464864,0.5886804466886052,0.5122368221570717,0.5666455266577864,0.3567711767672423,0.4621557978097391,0.7809615424483661,0.6452277970009817,0.36992746023925094,0.5803206901340202,0.6131880138237307,0.6913150538855095,0.5700554742613714,0.6357138026152795,0.571919177380145,0.6400727411690735,0.4511881505759596,0.31558983953739195,1.0,0.43188981482036565,0.7075438919074926,0.4966428858820004,0.4959990836697507,0.33459862524951306,0.6489015419345269,0.7171342176763517,0.7438617512862661,0.6257197845928223,0.24148945411954617,0.4726265961437533,0.3590412842675034,0.6105505796819127,0.3512157515004631,0.6801311261054717,0.593008620474149,0.2897177778497496,0.492949607553566,0.5260426565002374,0.44550038454202545,0.3994711990651511,0.4550127856556582,0.161951422142064,0.21080550032805465,0.887253700835652,0.5158025693220857,0.4273559647022712,0.6228483008145679,0.16140371158059824,0.6817798821406968,0.6758047800760606,0.6409317953306504,0.6616041795561471,0.7070899265243891,0.3066161732100129,0.600373169543027,0.28360667085200286,0.6310952769463699,0.4920277126700769,0.7671760427382897,0.7262316559089841,0.21110554662646241,0.6226790944444327,0.7309316633859038,0.7830974232756387,0.781471644372485,0.734562179970657,0.6815571452247096,0.6580502689718908,0.44912801178533807,0.34124284186353243,0.6752379068658457
7437003B5WFBOIEFY714,0.939865582800925,0.46932310821071066,0.8924119217404614,0.5444164597626323,0.6519541718406601,0.7815319130962222,0.7648053011834334,0.7428884624162289,0.8925734310108372,0.5531888679501468,0.9327467844329299,0.7305091100270102,0.961041703213057,0.16322604885649966,0.7665288301848033,0.896632870503039,0.8971878230796226,0.975548139564242,0.9722065802690162,0.9385853927797705,0.9675272218535473,0.9349970467886217,0.6606470702945358,0.9571706490651248,0.30868718809953866,0.9443631469972943,0.3142283440462733,0.6307964377501856,0.9127925917631302,0.617746755829479,0.5326882911507543,0.7341408663688771,0.6830462650467383,0.6446918631902856,0.4808429217944613,0.16813408795230111,0.9460518656793198,0.33177750984214904,0.6129266898269795,0.9183582175203907,0.25010159918616914,0.3768734734802799,0.7458621525877809,0.4810305404073624,0.9507364679732389,0.39485746712255065,0.9336600803502779,0.7700486875681055,0.5294783781485758,0.49298465920429974,0.8858530020424471,0.8946538209026639,0.6632806520754017,0.5999311502589851,0.43188981482036565,1.0000000000000002,0.6765703273532906,0.7704326474167064,0.9344352711883491,0.9152273878903323,0.44766456708202923,0.5225938981509246,0.6437036080163296,0.4915062506929387,0.2533081137140163,0.9303211687768226,0.9577445347780216,0.9013985429584149,0.9111963690688415,0.7833682693163773,0.7153132081384974,0.9377252124554808,0.9671105721737798,0.6664736769301636,0.4701114835448966,0.967262626392288,0.9239845881101095,0.8939172883701497,0.9211885199585865,0.6159106927896822,0.9732232455724025,0.973377068472127,0.8904479566805299,0.8949239923805737,0.6546639470023804,0.5588045252803059,0.6135462775625833,0.6124481567592023,0.5529545992886523,0.9572429329285558,0.5904832806662923,0.9584115349257429,0.530813976511246,0.9774453087393296,0.5067454355567261,0.5417430180335736,0.9214908715242126,0.6268061345303797,0.7206977733111072,0.5563905682061143,0.592111515541965,0.7353185965757799,0.711032631149729,0.8012098916345027,0.898971965958075,0.9432172868633316,0.7328431474333489
7CUNS533WID6K7DGFI87,0.4416718502204335,0.7837143722306394,0.7731217697160925,0.8421802857154818,0.9115931836567601,0.49946191046448835,0.9338843676351045,0.9415571243690838,0.33361645603868206,0.9168823508169639,0.4052938840303348,0.9110939453040932,0.509985420542503,0.3688514631730665,0.473778713936196,0.33620719879610805,0.3319422451935697,0.6078034081089074,0.5405582632018359,0.4494120209781415,0.7582514838266485,0.4312108786642641,0.7734958679474929,0.6151627521769619,0.6084305753663433,0.4720683246043289,0.6309523044105676,0.9144747136975122,0.7476027682272306,0.8934826983004649,0.8938187485575805,0.9870975240873457,0.8558854124175712,0.9338697209212461,0.7678809075862941,0.1852693572210354,0.5397213139518773,0.594486112170856,0.7222772140368463,0.7294956776267066,0.3442741652961373,0.4239110112630393,0.8894062329339703,0.9042236441822797,0.5905668974271628,0.8156671020698457,0.8019625875774964,0.8977192739882147,0.9030088535726977,0.8090353386296605,0.7479481574217094,0.7248299473771459,0.7725745356346667,0.5459608442383823,0.7075438919074926,0.6765703273532906,1.0,0.8089737980975686,0.6760598594288038,0.5670172798127378,0.7948210832026059,0.8481271483843644,0.8434027047362685,0.9314731436714867,0.5154361599985556,0.6660039466366918,0.5275242112631455,0.8425986215080629,0.5965162339497364,0.8826294097180574,0.8515880130783047,0.5523371317149764,0.6169363453701335,0.8275459071028984,0.6247782371294315,0.5270768077062762,0.5679096651607973,0.3277598803793653,0.38093150925497565,0.8137682421484727,0.7689593849047763,0.7007012992552004,0.8905339230093555,0.33064025783986495,0.899312494527951,0.8683792973827125,0.8642977978736996,0.9052326546513892,0.9240152209835084,0.4848300690187301,0.8664866252736042,0.4844928752771903,0.8883178699445852,0.6876466578121433,0.8270352860359232,0.8601031025687522,0.40457949353552985,0.8689743129992614,0.8967997998019178,0.8853614174091553,0.816529356042618,0.9445531685562184,0.9866179711627595,0.934108834847976,0.5494718507649892,0.5032577606640459,0.893694545364445
7LTWFZYICNSX8D621K86,0.6101298232709818,0.46472598571562684,0.6618003488964445,0.485677186464936,0.6205202596736743,0.5557621242964985,0.7705740045420009,0.7420601933647153,0.5960338668380855,0.6181328781245903,0.627494838886816,0.7142681258023647,0.6874094425817684,0.3928780178395581,0.6305024346244336,0.5999676721239452,0.596099428652905,0.7276948899042819,0.6843859734194594,0.6553330222470649,0.8128915971543402,0.6487677331872024,0.6398956860523657,0.7492802485241052,0.3759366425353976,0.6686841802062607,0.4156838783646003,0.620290778888935,0.7336950702074397,0.6170107628709136,0.5433780267964566,0.7917183065637214,0.6723083993122024,0.7311921530479669,0.49854083058692933,0.3297794675172215,0.6696465937354465,0.32513796301664843,0.5868556627040905,0.6658526671342767,0.14405383208625483,0.34599950874541907,0.6636302334141764,0.6070620531727912,0.7163740058042353,0.4584571113836067,0.7330090519417825,0.7183934159055001,0.8026329695975633,0.4515949344985909,0.6556965437098576,0.7357403480616796,0.5616204540949774,0.5343648263354756,0.4966428858820004,0.7704326474167064,0.8089737980975686,1.0000000000000002,0.7352151648112923,0.6601212276047643,0.5254845246434344,0.5580565713476483,0.6129320217172743,0.7021832502840785,0.3173203338701461,0.8199099675716071,0.6903590883430277,0.8448436923963888,0.7125724803249083,0.709382963168417,0.7478839233094963,0.6657288170168313,0.7294683019829066,0.8900470447347524,0.4153182633032706,0.6780482554365727,0.6116229773182587,0.5960599450725792,0.6250641023939886,0.6222275812631387,0.869892300893349,0.8389286381817282,0.826211315974166,0.5975369310023221,0.6652614803180672,0.6041125406443548,0.5298133636099187,0.6315790790736832,0.6476031698721321,0.6726804015784961,0.580545585677768,0.6824688288946331,0.523216960155494,0.7797977682321617,0.6327416909163878,0.5773376986904118,0.65275559353719,0.6041065545881408,0.807438439591192,0.5909693115884198,0.663586131901533,0.7647042074739462,0.7953035278770695,0.7337056448348788,0.5970326966628885,0.6124323479385353,0.6597279002714128
7LVZJ6XRIE7VNZ4UBX81,0.841652609811092,0.5064818031324577,0.8616101085994348,0.49446829556065447,0.6761823620139297,0.856580603273172,0.8029852939435356,0.7994716395241112,0.8464634019000705,0.6025653403727211,0.8919214710735075,0.7750457953663746,0.9280593356573755,0.25056278932157017,0.8220663568157901,0.8482663905133836,0.8458718888649122,0.9139831890558794,0.9276256742613612,0.9185702360627883,0.9273901709287679,0.9074108524695692,0.6595286587796609,0.9158310979009043,0.3612774769830162,0.9336320588602784,0.40610584924041243,0.6388121757006835,0.9736850395613715,0.6732068031515739,0.555111787293883,0.7335599912768072,0.726269296285773,0.6119540866304863,0.5277664675084393,0.23800660615207425,0.9370369598494344,0.2509919478168849,0.7168823986808497,0.9330118469427898,0.19702651456499726,0.5748989682103427,0.7323375904714929,0.5417747534411047,0.9158739941527263,0.4758631904261262,0.9299379630168332,0.8082116786972123,0.5314206918056779,0.41146756682328023,0.8037056316151191,0.8865165948309166,0.7233456997681177,0.4423464680188773,0.4959990836697507,0.9344352711883491,0.6760598594288038,0.7352151648112923,1.0000000000000002,0.8845090687424136,0.4881553664478548,0.5905465401689778,0.6341313547800832,0.5001258038073286,0.285420597838495,0.9518644223153249,0.9505616530907279,0.8842130799722604,0.9490581696112278,0.8233983267032005,0.7850822996872424,0.9366683371007917,0.9556998753500572,0.6191678475017091,0.44298326397766735,0.9013087243655843,0.8062328708448225,0.8468327519465066,0.858730691557831,0.7085697312963449,0.9133507276981698,0.9496177513559895,0.8576916720787711,0.8471513058805044,0.7078475656119633,0.6110315774348887,0.5718323790949562,0.6732767785634323,0.5450693001337193,0.907232908448185,0.6506905873301151,0.9121167408589177,0.48153981135616464,0.9544104086816815,0.529126394443005,0.614540779764628,0.8843764099171512,0.6832136313404358,0.6963709830206855,0.5788669997880028,0.6853326237285821,0.7571758734354564,0.6910470872768472,0.8190482018256378,0.859088477642302,0.818715406931076,0.8069942776146549
7V6Z97IO7R1SEAO84Q32,0.8819496981055823,0.4741248588888476,0.8900832448794777,0.4535751488024836,0.5470261849052203,0.8014352342880936,0.660965041318701,0.6592925769183706,0.882207311245464,0.40982392323737565,0.8980649050666196,0.6474207674246231,0.9302256673539022,0.1162057247560942,0.7348508618940967,0.8827893314282433,0.8832384636376881,0.8800048611547068,0.9216770320412498,0.9137673912526205,0.9122190328443777,0.9126980917890339,0.6312979038797291,0.8830867697453038,0.212325829061525,0.9060823990553754,0.17802209175288994,0.5127072967341978,0.850074978441587,0.49966479812189624,0.4017929659626852,0.6297244650892148,0.569709304471811,0.5365215990103419,0.30845477878700633,0.13880042973833753,0.9653187697399257,0.10842709699921387,0.6730885719119741,0.8930119909206696,0.37224059438879653,0.2999579263457753,0.6091033575335734,0.39784439818750855,0.9673392601799318,0.35819436208304983,0.8612106480205828,0.6368082226468885,0.4623074020831595,0.3860411378755931,0.7456538888671342,0.8512220042372294,0.6225143388621734,0.3576319979564448,0.33459862524951306,0.9152273878903323,0.5670172798127378,0.6601212276047643,0.8845090687424136,0.9999999999999997,0.3143774451514987,0.4033723461954583,0.4573427778015663,0.43862065543005996,0.16053940527491672,0.901279854625713,0.9195718725269225,0.7399354214025387,0.898886781791174,0.660614645147861,0.6191445201820767,0.9144820537759984,0.8878400063203402,0.6368451131809505,0.5417996862452583,0.8906477352466345,0.7775334010108004,0.88329038799015,0.8829334923032113,0.49537053891218097,0.8702731801701639,0.9059345444942626,0.8167884903066929,0.8862361164158192,0.5258586077974635,0.4393502741135873,0.5193267373582325,0.5290959334754818,0.3934872338607846,0.9212846957888342,0.5178947658809137,0.9238780817798818,0.4292747874508665,0.9129673787990907,0.32333595628293055,0.41415567314242224,0.9033528350199109,0.5529821542650118,0.581183314302284,0.4312784838268339,0.4241244969173929,0.613263572184406,0.5694917092673035,0.7081109180670869,0.8808977038981922,0.8305222891106111,0.6224563715399601
815600AD83B2B6317788,0.19102842177113905,0.8196462458183188,0.5689568894228677,0.6881783710816212,0.894498421440711,0.21750161048508868,0.8321628886094861,0.8381683098924251,0.14495663812406148,0.9404419101265715,0.194156218318928,0.855769405730577,0.3335191410204122,0.37688161705910045,0.25614371252371215,0.14863183103191427,0.14713535690248916,0.44721574139107906,0.35294048241013437,0.25183459076995,0.5965180961812911,0.24138206332199705,0.4471706717624628,0.4080085055538587,0.652236725435208,0.2924904955073413,0.7040836764603521,0.8997954456905229,0.6330531347110958,0.9485590656684154,0.9225664574693446,0.8170768606234505,0.8274095722713779,0.6780073369957809,0.8877306720734431,0.09588824974823804,0.337969379447567,0.7445710059673355,0.473881581483033,0.475308871920866,0.0933369742250701,0.28496713598065043,0.8588513558609705,0.9151198860875001,0.28752698397229326,0.7916278703243401,0.6386546857609564,0.8943563041143451,0.6351595480085138,0.6644487611786424,0.5165047482134729,0.6149330248565454,0.567139392195629,0.21089047166580432,0.6489015419345269,0.44766456708202923,0.7948210832026059,0.5254845246434344,0.4881553664478548,0.3143774451514987,1.0000000000000002,0.9706726440513535,0.9242896709288427,0.8617677459397499,0.5688791854829179,0.4158961367677729,0.2887804319356733,0.5633271123230263,0.34772074922982893,0.8537291952954903,0.6067713061209608,0.3196672430073378,0.4782110439538499,0.4266205740299016,0.644339308486414,0.34170444928698246,0.312754992053417,0.14530342184150352,0.15735848636023803,0.7951309603288731,0.5168308607303919,0.4303389227525276,0.7143798709392675,0.1451854670455377,0.9455702145549041,0.9762939919143752,0.7388223709286523,0.9055247016680124,0.933038616298706,0.31589226394797526,0.9065917656432831,0.29765290620806206,0.7316522892702217,0.5337935724521141,0.9212486842117436,0.9701516349363936,0.2072962291903411,0.9253832344853334,0.7444456892100648,0.9588784842306443,0.7174777599679719,0.8930688257031416,0.8029755047535696,0.8102531586734998,0.23237171040691942,0.27053327738244287,0.8154402186283958
815600E4E6DCD2D25E30,0.27328907093571386,0.8627616649252703,0.643492201118524,0.7269283305257015,0.9208360737414893,0.36376531660103356,0.8806603246375214,0.9123360163864714,0.21246316693605677,0.9701552065955334,0.2753353823787706,0.8957544237651572,0.40394409750234644,0.3540459419572074,0.3503538988294656,0.21616419694564687,0.2130371944093882,0.5099385085471556,0.431796994348632,0.32488230159120846,0.6618112423870486,0.31824100584892323,0.5138538694196593,0.48445122851028877,0.5730359931131122,0.36978155274749136,0.7490627557870788,0.9158260234578928,0.7208318231631514,0.9676244620620741,0.9364066114537873,0.8705071702855268,0.8297125259072828,0.7632497163150197,0.8682249794851622,0.12237978233709912,0.4283866008358286,0.7701613981532024,0.5809179192822759,0.600874933312097,0.1297621590306817,0.3854474854520592,0.8870933319661919,0.9276156328715194,0.39500253307919125,0.8026304056744155,0.7201587640530833,0.9303805585866357,0.7057644873342159,0.6886482867390226,0.6114115726052393,0.6759113168790205,0.6371966617784912,0.28906716828993845,0.7171342176763517,0.5225938981509246,0.8481271483843644,0.5580565713476483,0.5905465401689778,0.4033723461954583,0.9706726440513535,1.0,0.9476854222469201,0.8645849075584027,0.4674682275781737,0.4981966786042894,0.3822275090428413,0.6569977801011577,0.46884202345975134,0.8831292829304404,0.6963690647945707,0.4149107494736702,0.555990971294303,0.4855159299040151,0.6553913429216478,0.41780074051841737,0.4053751915033879,0.2108870531489664,0.2343917608931067,0.8507354952079127,0.5841104257002433,0.5048665316214839,0.7667258181412359,0.21079680205081255,0.9686533684705754,0.9810407682554191,0.7663179870279959,0.920679338045326,0.9376414659078591,0.38020846220628296,0.9439487321392389,0.3645336205646763,0.7773135980430308,0.6015297115848767,0.935145594973736,0.9945567712035037,0.27870783827340484,0.9587577263298681,0.7665833173593325,0.9615439551922572,0.8063411518855806,0.9190520909224053,0.8484393421377635,0.867050827891213,0.34237412452812016,0.3554964690831776,0.8740735540898755
851WYGNLUQLFZBSYGB56,0.4402316508379757,0.7691507701665952,0.6990931937249641,0.773737025592223,0.9030005243913694,0.3576557169438017,0.8820373319783685,0.880002266561242,0.323509728436237,0.9440170194552454,0.4002754834870819,0.8962469100881438,0.5073420227377211,0.3885357910261734,0.4297002294595364,0.3330773921640864,0.33122360411713964,0.653784526179904,0.5458771723707128,0.4228263890073817,0.7349271050605939,0.42175572832986374,0.49885324164629247,0.5942936640556007,0.5163556207562482,0.46479681899830627,0.705472837052289,0.9078022475374898,0.7539882747200354,0.9404081923850409,0.912064126778686,0.8678316927780322,0.8375017128294178,0.7757684848407324,0.850038246796313,0.20836104904118896,0.48929869705440093,0.8526529330283552,0.5007091550746308,0.6678321110271951,0.19038953077686746,0.3526580784716573,0.9374256431283428,0.8455024984208745,0.4772081864239745,0.7279564498312233,0.7738547500746231,0.9384828580244611,0.6718830337882699,0.7662289672278069,0.7513976625403187,0.7294083310607847,0.6038540597842627,0.4877010873037616,0.7438617512862661,0.6437036080163296,0.8434027047362685,0.6129320217172743,0.6341313547800832,0.4573427778015663,0.9242896709288427,0.9476854222469201,1.0,0.8001484458429532,0.4174925981858536,0.5705794133783579,0.48161577475301365,0.7464298879987995,0.5100443936721099,0.8967716819763955,0.6777294605892283,0.47935423909278846,0.6591397036133944,0.5065642180190312,0.6155057311484119,0.5606450378750002,0.6028878832279838,0.32486817636851356,0.3685289613561581,0.8553545909314197,0.693286075573849,0.5826022649546791,0.81889865795051,0.3248772393479274,0.9398301887054334,0.9364095646738629,0.8097050867221934,0.8726096017333187,0.9399374843732736,0.49375455218703895,0.8721110842464177,0.4739789563436082,0.8038694034008991,0.6873675638335769,0.9344978233049006,0.9523822503891779,0.3837462449323045,0.8977330627249512,0.8514758642361094,0.9456657245907586,0.8161010344638867,0.9195803075033867,0.862352955951081,0.8765023710292442,0.47990369703403585,0.5468377102470658,0.8610340082062279
95980020140005881190,0.20977853298449115,0.8634615937440544,0.6745031472196994,0.755889269080374,0.8775936401891157,0.290396319466681,0.8750268456569279,0.8661072842120505,0.13752498605821425,0.9102105835246276,0.19481136690869535,0.8807463030413013,0.3355849052242795,0.3654857718376776,0.2819203897036482,0.14124510059995468,0.13695169876373275,0.41654658895834773,0.34535496794437076,0.2528310282822966,0.6254711013651386,0.23366860868773326,0.6424525155844361,0.4208222316172673,0.6665131855445459,0.2802141153465695,0.6109303447220179,0.9074161944273863,0.6054364565236793,0.8841323296838272,0.8877781478719213,0.9185697864983011,0.8180047559839013,0.8534206809487376,0.7936626373688542,0.11443720227841732,0.3716907361244899,0.5767784429885244,0.692264000730926,0.5592642303167801,0.2554566205391217,0.3396205552568208,0.8134346074624338,0.939475556674261,0.39206148751115083,0.8833827158904903,0.6482127693542864,0.8395840554376385,0.844784522961368,0.7348756940526323,0.550926094301015,0.6114290155710189,0.6575328489815148,0.3590196729510221,0.6257197845928223,0.4915062506929387,0.9314731436714867,0.7021832502840785,0.5001258038073286,0.43862065543005996,0.8617677459397499,0.8645849075584027,0.8001484458429532,1.0,0.587356070386296,0.5065702846255404,0.3170161600591798,0.6618020022828732,0.3927993384914828,0.8265844808450187,0.73635218988673,0.3525237906620818,0.43477767336877393,0.7519492577512839,0.7674399042188196,0.31982883828573955,0.33629651652740983,0.1338690423372629,0.17030592803752007,0.7447451229763346,0.5999921859983028,0.5226485058417764,0.8148452390620381,0.1362724371302906,0.8819156135686782,0.8933277742673926,0.7862788744689043,0.8929017460430397,0.920734598905696,0.30225406105227043,0.8687025037741044,0.2995265164989367,0.8181236494767508,0.5349509146515473,0.8267193879287132,0.8716335462307534,0.21051348839877576,0.8752268370479619,0.8028087340755842,0.8897511056149784,0.7319075322307353,0.8997221681449535,0.9091297952444277,0.8461727434252974,0.3132546028983889,0.2779853275152882,0.817367121387288
96950001WI712W7PQG45,0.03755001201796159,0.5151851777722134,0.44312981372480176,0.4529976632177657,0.6426129681702824,0.10402216035673532,0.5814939292272285,0.47500161555984644,0.01211035572228178,0.5628431736060886,0.04339149116606075,0.5944645603494196,0.14179184719474117,0.36756092875651725,0.11436074219725527,0.016637073294432658,0.012737247530201265,0.20630868012296769,0.13652630080491035,0.142392394465831,0.26672978960263044,0.0833931969340832,0.5030722575961974,0.1886069760849103,0.986088128947197,0.12708140978024096,0.31143904176036413,0.6802019367370862,0.31311780637313363,0.6056893630699034,0.6573251415722761,0.5380050276197957,0.753636376552861,0.43757391203742296,0.6960799736432846,0.048777411848618585,0.16685133816746517,0.06775251374138418,0.49518084880099184,0.26226530043141244,0.037934332335722756,0.2748507556025258,0.5456330068940171,0.6639680869069474,0.11576679108591958,0.7357023105551503,0.3916869776865252,0.5498933082438793,0.27510045980676207,0.4367408554288011,0.2726676567216058,0.30431470414839457,0.5316245216132026,0.13217031892871497,0.24148945411954617,0.2533081137140163,0.5154361599985556,0.3173203338701461,0.285420597838495,0.16053940527491672,0.5688791854829179,0.4674682275781737,0.4174925981858536,0.587356070386296,1.0,0.2747109847868939,0.13695054151389183,0.33002902959846886,0.16352930246905834,0.6143539373132275,0.5308713058155711,0.2002684929572486,0.17443412109660086,0.3132120546837775,0.4372370321300418,0.09809514247281001,0.13691502399726935,0.012590613496768727,0.02114705093748551,0.42184675682837314,0.26367951328961436,0.30722565510743,0.46471135387157303,0.012503856044987832,0.5907253316769053,0.598286770662242,0.5444153645834249,0.6891645919116763,0.5987014615841961,0.12855626444746737,0.5556537092827223,0.13470390461875853,0.48246858278703425,0.23941795127213641,0.3823382532433432,0.5184271102340211,0.055510058371492144,0.5660569563292007,0.5259614187064042,0.5852003200596447,0.30932463300507756,0.6049553416599119,0.5613020332594532,0.5665489659575823,0.07372196474147512,0.06296777790596064,0.6320682904641195
9695000CG7B84NLR5984,0.8546899594714169,0.45910098058046656,0.8567561451993475,0.4666265959249588,0.6028300200451617,0.7947210110227537,0.7768790810883349,0.7460648392376813,0.8554169411287533,0.5266656675334803,0.8914511049651554,0.7518139351250704,0.9281249938256895,0.38562949284376324,0.8609997324149548,0.862622762852852,0.8546921395267375,0.9258134396241045,0.9200769522635698,0.9148799618340631,0.9168537980752738,0.9057710523505147,0.6715788497146545,0.923222251826349,0.3379453472226338,0.920181826073871,0.296590373583551,0.5928774548696795,0.9164504174862214,0.5904320332297588,0.4775359665199328,0.7106465172932913,0.7104270443811577,0.612700793599909,0.44174044460188705,0.4023378247384268,0.9244767938112185,0.18362108945604116,0.727606131770332,0.8939255602460172,0.20631856543347116,0.4980704306028237,0.6748077683540694,0.48211411559585476,0.9179052239745997,0.4364936186990838,0.8968168440484229,0.7378359025724304,0.5337277937545464,0.393240388096362,0.7973384642926654,0.8981790877624739,0.6874657268156591,0.47504054951882013,0.4726265961437533,0.9303211687768226,0.6660039466366918,0.8199099675716071,0.9518644223153249,0.901279854625713,0.4158961367677729,0.4981966786042894,0.5705794133783579,0.5065702846255404,0.2747109847868939,1.0,0.9347557799970366,0.8665411633369622,0.9235833536997734,0.7603701415558434,0.7618483927239601,0.9206403754421452,0.9304971045812601,0.6884293483973315,0.47667616325234974,0.8957232482167415,0.8043966503925036,0.8556638161085233,0.8696313207365359,0.6518084941515162,0.9197158303220963,0.9615438760717316,0.862263501782383,0.855396992721464,0.6411410357492472,0.547557999383164,0.5364120273853081,0.6208419200170707,0.5067636513626338,0.9063389642056572,0.5823314414345,0.9122418630384131,0.4560704003973897,0.9375593071732563,0.454217442937552,0.5335963185270378,0.8935114619244285,0.6130711778291021,0.7416719896414046,0.5125524223458142,0.610939760914381,0.7160747803574522,0.6755085493727474,0.7804642641095751,0.8439483595547206,0.8284600428318472,0.7397452405036697
96950066U5XAAIRCPA78,0.9512381912690248,0.2992111076866149,0.8101459643696027,0.39293589872079443,0.49827463717852044,0.8251123057213685,0.6452287386193053,0.6373016591992187,0.9548499078621425,0.39679001503107747,0.9833420353902214,0.6057139642062804,0.985442395996878,0.1040183426952056,0.8377353831611937,0.9551247115942508,0.9555074317804102,0.943486465771978,0.9799304874420454,0.9860712096267601,0.9109416711464284,0.9799977156326797,0.5901470007120988,0.9434066390604828,0.19181886666381665,0.9903218279078476,0.21192943791514493,0.4577722067140559,0.9026782759266638,0.48170607146270067,0.35435803956357076,0.5868004611514047,0.5600113543832147,0.4687407190741302,0.32554216972031486,0.16496907140625605,0.9657038169324168,0.1352365334781126,0.5659828580607067,0.8881296781177536,0.23521233807714534,0.4530734516192821,0.6047216104108516,0.3213061961939277,0.9592690414990608,0.2491490402600576,0.8741689551119248,0.6554451746993551,0.4009707064335674,0.31718181447894395,0.7769997773412469,0.8540085625738488,0.6209496672726974,0.4592006308746928,0.3590412842675034,0.9577445347780216,0.5275242112631455,0.6903590883430277,0.9505616530907279,0.9195718725269225,0.2887804319356733,0.3822275090428413,0.48161577475301365,0.3170161600591798,0.13695054151389183,0.9347557799970366,1.0000000000000002,0.8314299624148493,0.9320201583168828,0.6802556097141752,0.6396527338017448,0.9658472009626616,0.9677857020536264,0.572482885533845,0.317222291274724,0.9681418915172316,0.8611083961983719,0.9554462236806772,0.9650469155200971,0.555611114746201,0.9174734351342964,0.9574131063331869,0.7767598454024287,0.9562019656914192,0.5196425358199069,0.4075535052964797,0.46143716892774056,0.48075491006041066,0.35953611918200457,0.9753776572849372,0.4574722661404521,0.9805742069538831,0.35027228393336884,0.9558113653189769,0.3532525479507246,0.40523202093334537,0.9712666147588682,0.49017829923676315,0.574044704340741,0.3959100723717988,0.5232586315628384,0.5989553655701422,0.5498820515240033,0.6816922220699367,0.9220847506495978,0.9032056189662098,0.6349118968842854
969500STN7T9MRUMJ267,0.7640502758139033,0.543210125816019,0.8374483508173168,0.6584976629402067,0.7400488871672025,0.687260410444167,0.8571642292884043,0.8413437805386212,0.675812249659144,0.7326267204384045,0.7516093995604853,0.8204293354783037,0.7989293372789311,0.23354782424311862,0.7349752568468272,0.6769993746881304,0.6754656946880663,0.8450632691162244,0.8146327902954386,0.7591284180807268,0.8858527488561958,0.7429866841567522,0.7187581771033924,0.8392506520490186,0.4142899830665558,0.7860790869687194,0.5108209531525129,0.7445745897671355,0.8864274556501605,0.7323058577797087,0.6652419311504656,0.8552979152062833,0.7589381854898781,0.7983689934601713,0.6067937179515461,0.19995980209086384,0.7689999760059237,0.4701583224212871,0.6944953474258768,0.8885140238905583,0.2068045822172286,0.598137504244307,0.8111088666778474,0.6326534911502374,0.8055121832528395,0.5672047022850367,0.8924945718225583,0.8471378331545981,0.7074749774454747,0.6109353333236194,0.8794740077668785,0.8355073328123972,0.7410417837928289,0.7237139660601186,0.6105505796819127,0.9013985429584149,0.8425986215080629,0.8448436923963888,0.8842130799722604,0.7399354214025387,0.5633271123230263,0.6569977801011577,0.7464298879987995,0.6618020022828732,0.33002902959846886,0.8665411633369622,0.8314299624148493,0.9999999999999999,0.800640037416182,0.8589197473129723,0.8315824729000306,0.8052927215497935,0.8632600347068158,0.7899388477673549,0.48616226152163045,0.8173326183099037,0.8554752758161395,0.6715600217353506,0.7304141308714411,0.7790069491243693,0.9432970175484579,0.9092861014534352,0.9181314600760335,0.6721542870055426,0.7609283903593524,0.6725083369701738,0.6989548126846971,0.7103415647973452,0.7115653787583458,0.7724419340469195,0.6817763094980022,0.7782099933754947,0.666270389040638,0.8862420447191461,0.6865129926076886,0.6842106582876972,0.7249700935727205,0.6973959890483926,0.8139053198428519,0.6782036275105783,0.8353269629163427,0.835766065335077,0.8624605029972947,0.8620532698819454,0.7974374864951834,0.8063342537852906,0.8406019335302928
9CZ7TVMR36CYD5TZBS50,0.8539752020912811,0.4588742431926058,0.802032266106404,0.39748439719336587,0.579179099670057,0.9199831586669328,0.7006074119440502,0.7267149281987273,0.8723121134364561,0.46423851462003357,0.8959915562273609,0.6602402825822101,0.90919514502583,0.2315740482483626,0.7695810317307059,0.8711661591813917,0.8723018563376056,0.895729522316919,0.9177789505823039,0.9219135368809352,0.8907543626668347,0.9244766229036993,0.6417476354952107,0.908187154493719,0.2245350945598645,0.9226134336182329,0.2703635336920438,0.5245039326586621,0.9016641773275885,0.5351441461396533,0.4493397150935596,0.6610015526032318,0.6079759275134673,0.5927733341695284,0.3805014801984903,0.2694649880861509,0.9593762362063213,0.16530041406933363,0.6704798259431274,0.8875833522481128,0.16832221760940164,0.3976073090442438,0.6078310176808565,0.4491402067026125,0.9498469936092883,0.3279875843245741,0.8818152883509331,0.6870870557645955,0.5221730426726056,0.3113796600154353,0.7636606689798291,0.8154140864808875,0.648714455902911,0.4135879833170659,0.3512157515004631,0.9111963690688415,0.5965162339497364,0.7125724803249083,0.9490581696112278,0.898886781791174,0.34772074922982893,0.46884202345975134,0.5100443936721099,0.3927993384914828,0.16352930246905834,0.9235833536997734,0.9320201583168828,0.800640037416182,1.0,0.6809927484134654,0.7312322254637166,0.9472481706942781,0.911521496984196,0.5815864931258917,0.340154062414293,0.8859936645317197,0.7778286798986055,0.872575008055246,0.8807657546832659,0.5349363882477817,0.865199223053553,0.9254531363957404,0.7682263315545633,0.8736976450322083,0.5895331447142429,0.49114015524695054,0.46318210057358955,0.5662642555744656,0.42907333802288944,0.9042476825042042,0.5678356238580465,0.9132579347305371,0.41044055578238703,0.9038930323764895,0.3856803773461938,0.4793884227559894,0.9062072813350158,0.5986382681875436,0.6149853964469565,0.4413599118248666,0.5222422230365347,0.6442234219056547,0.6065953653842935,0.7393048359768376,0.8307599669746997,0.8219848381629707,0.6909400961668472
9ZHRYM6F437SQJ6OUG95,0.5664985746421112,0.769483341921413,0.8575831922158554,0.7543816702162918,0.9373111370159362,0.5407677540331831,0.9659392764498019,0.9322076218572153,0.5037434132785197,0.9208462955397845,0.5758447734314952,0.9675811561967864,0.6814503636694428,0.34930806823362054,0.5890784973142307,0.5099352822598137,0.5059420296087438,0.7476083163936329,0.6899956063492092,0.6246880610792883,0.8421046008022898,0.5992062057211005,0.6776582371658509,0.7181163888695741,0.6994025113101066,0.654156771773403,0.6346278183017974,0.9369385737175202,0.8930375630677458,0.9562863369809451,0.8947952276202825,0.9197371061663608,0.9432400099181758,0.7790065764731562,0.8484835015978189,0.15236971084422066,0.6775333867125166,0.555694159885904,0.7246911705533042,0.8234403516622985,0.2386040889010867,0.5626357126702962,0.9520832264795672,0.866523479395844,0.6551254308063067,0.8164005400273838,0.8912907765020079,0.987970756231939,0.6712120253358748,0.7111093341996702,0.7785860170357536,0.8302402691083718,0.7809970765678247,0.45834616332121536,0.6801311261054717,0.7833682693163773,0.8826294097180574,0.709382963168417,0.8233983267032005,0.660614645147861,0.8537291952954903,0.8831292829304404,0.8967716819763955,0.8265844808450187,0.6143539373132275,0.7603701415558434,0.6802556097141752,0.8589197473129723,0.6809927484134654,0.9999999999999998,0.8320972670687342,0.6802763589251558,0.7792273448665223,0.6499335766714055,0.6705344647934711,0.6748825843228271,0.663805276101623,0.5041414045343331,0.5330438145037509,0.8872786033503991,0.8187187035133339,0.779499937905969,0.9313722628621335,0.5047894329547368,0.952300691662265,0.9139685771794149,0.8264887778065922,0.9337634243442843,0.8888968754990845,0.6529432068519407,0.8858566076328559,0.6474416504439331,0.7648230585443574,0.8224808155816616,0.8320834967527613,0.9097548308163141,0.562949870015906,0.9134697630018488,0.862623148351847,0.9096101342747361,0.8382346168903437,0.9725058875969335,0.9024745438143637,0.957775805421798,0.6387562050626172,0.6131364851737795,0.9706139242778657
A5GWLFH3KM7YV2SFQL84,0.5149961984402849,0.6667925394752918,0.7769014563039829,0.6115423366574587,0.7853579743946627,0.6569770151838906,0.919483242113431,0.8612179765151536,0.4416166422522852,0.7689665187855806,0.5249395211627124,0.8278838738283208,0.591350542608194,0.311227919457139,0.5736619778656068,0.47610763352898366,0.44909206430078963,0.6355018736005129,0.6154294608392922,0.5759543854916235,0.7307453366624798,0.5478790336719429,0.7320602716305589,0.6850067521395506,0.6100092375708157,0.588165596373039,0.486475979671236,0.7860311982815502,0.788972694931214,0.776195223324126,0.7501708722768795,0.8686629292488411,0.7999532573754061,0.8536856279862195,0.7081745026686773,0.19514804301377608,0.638825738672443,0.34113625652248225,0.8493537552381892,0.7986001699218681,0.189724204686753,0.5947700872085233,0.769890761356278,0.7866662199900407,0.669466899149386,0.7242626635378956,0.8272337481160742,0.8200289203113144,0.7655853441439318,0.5618747689754311,0.7228777637666339,0.7034067799087412,0.726513443590639,0.5612965890065844,0.593008620474149,0.7153132081384974,0.8515880130783047,0.7478839233094963,0.7850822996872424,0.6191445201820767,0.6067713061209608,0.6963690647945707,0.6777294605892283,0.73635218988673,0.5308713058155711,0.7618483927239601,0.6396527338017448,0.8315824729000306,0.7312322254637166,0.8320972670687342,1.0,0.6533118781232172,0.6648098863381016,0.7548316994712627,0.5038702664625755,0.5868471606118848,0.6051122431555402,0.4461120885846324,0.49878722220997984,0.7279540159026516,0.7538693595374162,0.7736582072900727,0.8181481720241981,0.44391489695106173,0.7933351850563974,0.7245882093635098,0.6776019161346014,0.7953876742607664,0.726328394283822,0.5570130475910846,0.7400771689182432,0.5699551744964476,0.6779549653996816,0.7027831456212934,0.6175393961349432,0.718533422084092,0.509982938299212,0.7668120120494445,0.7616399940444116,0.7046129895880398,0.762952040915212,0.8386439998322455,0.85415738165075,0.8682469547307499,0.5990214982042081,0.5595233941069403,0.8781318669353335
AT0000000000043000VB,0.9124254700436547,0.3949198494897512,0.8158455584648593,0.44487279478916025,0.5525317110835251,0.8963312119005634,0.6558715394875444,0.6903419558375139,0.9408999789758464,0.4141927441972657,0.9492455915588985,0.6251453058062106,0.9595463652904299,0.13280647675316803,0.7749440781065688,0.931966626887359,0.9329998156592505,0.9260036684262773,0.9667978694995307,0.9678617796400963,0.9003577211872238,0.9644841300633389,0.7146806887406553,0.9341559795453404,0.2435210642864081,0.9665534032569698,0.21945760011337062,0.5080477699830095,0.8880941864993671,0.5002546085281546,0.40465324619537085,0.6270687812576967,0.601148905248301,0.5014415950141484,0.35903037702167784,0.17146794583634045,0.9720051767910541,0.12820455592545651,0.6140279695555555,0.8650375885497709,0.1785058169621536,0.37009540249304007,0.6001486337694164,0.3659485989678361,0.9427154039716734,0.2927697055004247,0.8871162297408566,0.665388287695388,0.39416329978308895,0.3385211092215372,0.8035268795296131,0.8613885794037368,0.7354270011329539,0.4103200031887225,0.2897177778497496,0.9377252124554808,0.5523371317149764,0.6657288170168313,0.9366683371007917,0.9144820537759984,0.3196672430073378,0.4149107494736702,0.47935423909278846,0.3525237906620818,0.2002684929572486,0.9206403754421452,0.9658472009626616,0.8052927215497935,0.9472481706942781,0.6802763589251558,0.6533118781232172,1.0,0.934110585185997,0.5285964161341199,0.35737371304783183,0.933140208016984,0.8178433298151477,0.9333955208735751,0.9344632546985943,0.5040122933472102,0.8764800708651516,0.9484282216465112,0.775669665271161,0.9334691786180435,0.5638615866905672,0.45878170532844786,0.5127248976732525,0.5469943391113372,0.3976911406878235,0.9571858898463165,0.5569324631831425,0.9629841069511451,0.4183002802524351,0.930108722519107,0.3340450839335924,0.43493199031577034,0.9560928980600271,0.5658821808820177,0.5748946584278927,0.4119156464566186,0.45454137977561804,0.6103487077027546,0.5896541700872835,0.7277835045104641,0.860013145679346,0.8749558197924003,0.6682238291130681
B81CK4ESI35472RHJ606,0.9244943540021298,0.4231134926855946,0.8338386542490981,0.4780258031853085,0.6199241363433025,0.7686705198187084,0.7397101044070805,0.7361074012576097,0.91193339459399,0.5474516270146136,0.9474594493965853,0.7119404453834207,0.9744615298167424,0.19352471486131356,0.8259831382366385,0.9157815696052996,0.9160921818749727,0.9744820929454848,0.9776251200475261,0.9524944360314814,0.9606257046706109,0.9512800527519683,0.5743729155798409,0.9567633917296414,0.24600701122060645,0.9668812212003312,0.37309907214508475,0.5816488633331286,0.9461537694038271,0.62607691815098,0.4947013782760427,0.6753738396278309,0.6605839727072543,0.5433251064056133,0.4728846617491684,0.20658233759314784,0.9454537469263262,0.3394154685358829,0.5567782096701925,0.8919094930443857,0.20415374612790807,0.42324786303328016,0.7343061135351164,0.44966040553566233,0.9255840060749706,0.33623980931167036,0.9214382990182189,0.7759146392518663,0.46630154288979647,0.4116278820945368,0.8294642349133106,0.9193452235209707,0.6298003157349978,0.4606245565479649,0.492949607553566,0.9671105721737798,0.6169363453701335,0.7294683019829066,0.9556998753500572,0.8878400063203402,0.4782110439538499,0.555990971294303,0.6591397036133944,0.43477767336877393,0.17443412109660086,0.9304971045812601,0.9677857020536264,0.8632600347068158,0.911521496984196,0.7792273448665223,0.6648098863381016,0.934110585185997,0.9999999999999999,0.5716329294626662,0.41030091316473,0.9774407349330413,0.8704742484013265,0.9138659734522655,0.9271745862021411,0.6732397735148833,0.9417313237316439,0.9470447332141799,0.8436612661017597,0.9137934800400388,0.6613123384268025,0.5721651582336272,0.5492253961021601,0.5990246506111433,0.5178187620418888,0.9675452186087566,0.5890809939215251,0.9633242992686226,0.44659794642449,0.9886589169541604,0.5405149585629689,0.5728674825646214,0.9371279657381024,0.6268852887716388,0.6837883199055177,0.5620256576206676,0.6198952336885986,0.7184194861386154,0.643913606294042,0.7664160098812388,0.8819674879184968,0.9058163779416782,0.7162711237894952
BFXS5XCH7N0Y05NIXW11,0.4955338433661165,0.4943009478449237,0.6819431223539647,0.553506367583976,0.5993130255055779,0.45660770587699784,0.7326065241902764,0.6847189489019953,0.42224108233159185,0.6012566935360356,0.4784359074453595,0.6661682256301229,0.5415826298511716,0.19325879307555488,0.49746440441905093,0.43485260408534493,0.4258587110216642,0.5486528644234261,0.5367270729918229,0.49938662510559995,0.7089418093826964,0.480235362101955,0.6572644203579979,0.5988368979076211,0.379245535594433,0.5060485225992152,0.40657754435439714,0.6028115650408131,0.613431448731102,0.5767355169439335,0.5336515436979181,0.7828887953705387,0.5906893187971025,0.7801080978301188,0.4268823370825457,0.11340669486733848,0.5527264331772178,0.24301361441773284,0.6715536890323424,0.6709857800791516,0.37310244820098865,0.3865117104485386,0.6330875750333611,0.6115222778070155,0.660539719173596,0.5431070499205326,0.6482308476821055,0.6301491047605271,0.8584851476686218,0.5469903897675321,0.5936750069137532,0.6128906019250944,0.5411366354907396,0.552585753221724,0.5260426565002374,0.6664736769301636,0.8275459071028984,0.8900470447347524,0.6191678475017091,0.6368451131809505,0.4266205740299016,0.4855159299040151,0.5065642180190312,0.7519492577512839,0.3132120546837775,0.6884293483973315,0.572482885533845,0.7899388477673549,0.5815864931258917,0.6499335766714055,0.7548316994712627,0.5285964161341199,0.5716329294626662,0.9999999999999999,0.5070372295290759,0.5340583701759876,0.5379767249288668,0.42362284821783425,0.47345034166361,0.5790949096210224,0.7874094903013071,0.7337459695332855,0.8008381701979966,0.42746346572343613,0.5701459469939322,0.5142664406799207,0.5776137991946457,0.5833393506579103,0.612236438628024,0.514717111451234,0.509262665966515,0.5285615685189161,0.5905818776334749,0.6523592265267719,0.5636562732150898,0.4976416612968874,0.47939155801346106,0.530344513337332,0.7257552216168225,0.5594287164599675,0.6552143387098878,0.7126774957555665,0.7904177235353874,0.6869102148399372,0.59469070775088,0.4979176911704737,0.6150529998993853
DG3RU1DBUFHT4ZF9WN62,0.26873857866089074,0.8586205335707757,0.7363949743826826,0.5348456139854928,0.6768967833512635,0.25653230978940444,0.6833299003464867,0.6434944930045201,0.21201845177789294,0.6618904438671217,0.25168739507713744,0.7554656805553376,0.38543927011330587,0.25290655548424634,0.27978027964147045,0.2184131758888375,0.21277411734221208,0.4166476580895207,0.3758124486449847,0.2896749739323813,0.5669071783461763,0.2789061322579183,0.4508796727741917,0.38874863399684817,0.49252850243450996,0.3077484449001957,0.43783340654313024,0.7486181793350123,0.5089935103379494,0.6712137651581089,0.6556053829161316,0.6606510004843387,0.6653663545516848,0.6414894049757085,0.5852859652255329,0.08744281061552024,0.4271436906491586,0.4343652225123262,0.7280617973292077,0.5687492165377969,0.13029333008411526,0.2397624798724954,0.6464920719593096,0.6725645564832555,0.3921590101969496,0.7598430814089671,0.5713100844823171,0.6527008384055559,0.44415725023463964,0.5192866656949598,0.5253170724216055,0.614246469909611,0.4931380238221951,0.261152358344743,0.44550038454202545,0.4701114835448966,0.6247782371294315,0.4153182633032706,0.44298326397766735,0.5417996862452583,0.644339308486414,0.6553913429216478,0.6155057311484119,0.7674399042188196,0.4372370321300418,0.47667616325234974,0.317222291274724,0.48616226152163045,0.340154062414293,0.6705344647934711,0.5038702664625755,0.35737371304783183,0.41030091316473,0.5070372295290759,1.0,0.3413937441330235,0.3851597167014983,0.21133754527794738,0.22866297762521146,0.5510574555023284,0.4765384411817962,0.43896532816641953,0.7438359922605957,0.21103495471887188,0.6728423966504389,0.6935586150206416,0.5881143433590073,0.6730898206877495,0.6731181428211278,0.35264243978948784,0.7078162626849188,0.34201184983076005,0.5837310018546509,0.49687692878551504,0.5711257934128648,0.6626431322439551,0.257437061379656,0.7303364794197577,0.5825817029210246,0.6704837309049214,0.48830627620298617,0.6803949844517606,0.6376662821409403,0.6698212800233236,0.29322882662813854,0.3397592871180121,0.647458397340837
DIZES5CFO5K3I5R58746,0.9766525329112311,0.31417625510179553,0.8030251056984813,0.43196681921817903,0.5170140480867761,0.7552012733370592,0.639472418837302,0.6303197631844593,0.9464677296957293,0.4178518814871538,0.9750347140143125,0.5996519441455862,0.9778632337471052,0.10828037953949726,0.7941313613632676,0.9534721224882282,0.9541640760985218,0.9747927730436423,0.9882555450858805,0.9646135599898564,0.928929085969387,0.9670634410188497,0.5523385519972274,0.9673436794227631,0.15165691149040245,0.9675761924779387,0.2624967067741263,0.4796319173061163,0.8695504689061551,0.5002268191208209,0.3832112033110297,0.5869098960169499,0.5579669573818443,0.48272949632642553,0.36821687479521736,0.1657629546962723,0.9422322308039282,0.2774569502690751,0.47335024816221344,0.8554321187881849,0.22946300483947543,0.30908734331810106,0.6547965399951581,0.3179009459967855,0.935886115082218,0.21225290817583467,0.8773026893675133,0.6671620157330773,0.38418772311447696,0.3747924817415946,0.8337141022856374,0.8759961200731272,0.5674044201255644,0.5001648578230271,0.3994711990651511,0.967262626392288,0.5270768077062762,0.6780482554365727,0.9013087243655843,0.8906477352466345,0.34170444928698246,0.41780074051841737,0.5606450378750002,0.31982883828573955,0.09809514247281001,0.8957232482167415,0.9681418915172316,0.8173326183099037,0.8859936645317197,0.6748825843228271,0.5868471606118848,0.933140208016984,0.9774407349330413,0.5340583701759876,0.3413937441330235,1.0000000000000002,0.9085703557592052,0.9484793745250274,0.9697111079911468,0.5463561685398415,0.92187533022879,0.930574871129302,0.7843748110995845,0.948311551966618,0.5385056101075361,0.44197591278380366,0.49832748780073466,0.48080497079373447,0.4104363929685649,0.9822193516759068,0.47123749816619676,0.9780380216690364,0.391294660790638,0.959152849020789,0.41534559874567795,0.4329886671103445,0.9589761030483914,0.5074996648544681,0.6125437047723346,0.4456434208075956,0.4922606808571714,0.6119496354517777,0.5658691915203593,0.6830715240717159,0.9028015090087999,0.9583857639195255,0.6064782332179405
DSNHHQ2B9X5N6OUJ1236,0.9244132764764853,0.34655784189331007,0.8235789763106104,0.5352438926353061,0.5374438718140465,0.6596352658836688,0.6417526424919062,0.6015839797891144,0.7844538474548699,0.46227334870849623,0.8518682328787214,0.6185324770340771,0.8525630092547463,0.12123947082857413,0.7317282388815145,0.7933623377935317,0.793660746770538,0.9148065869444877,0.8847039941087178,0.8253302576968238,0.8336947522450928,0.8230469077053816,0.5392534049342853,0.8620751641224822,0.1947864364356524,0.8307275962606109,0.26475516578570185,0.543714599885777,0.776316166025886,0.4957628947078729,0.4497984253253536,0.6144822318178615,0.569273740664087,0.6095623478443633,0.3895173728542615,0.19155808397460147,0.8102897369527581,0.41733462030560403,0.4998178297408411,0.8652165548010823,0.24464574571303066,0.35915123784671554,0.68120788806992,0.3329929654636738,0.8431017386284204,0.29939225734499586,0.8418836401202511,0.6469490029274346,0.3903418126624797,0.5192826803980475,0.9172478880962853,0.7899451861290638,0.5432452225963228,0.7696641640383178,0.4550127856556582,0.9239845881101095,0.5679096651607973,0.6116229773182587,0.8062328708448225,0.7775334010108004,0.312754992053417,0.4053751915033879,0.6028878832279838,0.33629651652740983,0.13691502399726935,0.8043966503925036,0.8611083961983719,0.8554752758161395,0.7778286798986055,0.663805276101623,0.6051122431555402,0.8178433298151477,0.8704742484013265,0.5379767249288668,0.3851597167014983,0.9085703557592052,1.0,0.786333964393799,0.8466806453088933,0.5616684062769823,0.8740153046954233,0.8459218985200373,0.7797350450170591,0.7864038413888409,0.5229250898965787,0.4230128737626777,0.5763478021692358,0.4627693375794501,0.47435315969858477,0.8514079046847224,0.44204583722442947,0.8477386197064961,0.5150439312511155,0.8539480570777056,0.4241992590538773,0.428797660476681,0.8046003393888641,0.4764034115578014,0.6574821236421639,0.45982079774220186,0.5575773760653219,0.6092692250238534,0.6199088888204097,0.6887156791176758,0.8750828447684351,0.9712094081493012,0.6336173592169124
DZZ47B9A52ZJ6LT6VV95,0.9455185095318362,0.15123054266241795,0.6807026426883085,0.21193074280669488,0.3212051153254219,0.7747502208372488,0.46024477358094074,0.4632016503889353,0.9989262510656303,0.18781072619197334,0.9883772647363649,0.41944870676466456,0.9709372904265325,0.0248743513742366,0.7549432735433953,0.9964984162631835,0.998502994289915,0.9066078978441743,0.9612248829938578,0.9838993317280216,0.8415837943142984,0.9903918719328291,0.47104944066683035,0.9047439459397004,0.03648227253804433,0.9776145655395018,0.06450189703208252,0.2708609002467449,0.7806442731829243,0.2950926978095082,0.15987542675653155,0.40230318620549277,0.39196305492106637,0.2716547357444655,0.1580713634963399,0.12409538222491975,0.9442456097662716,0.02318735454889278,0.3857416570854974,0.7431932860226774,0.13641497034886305,0.22792473197414392,0.4370525230265887,0.12384704496214356,0.9132382579840775,0.022247282876814708,0.7565746083446165,0.4879672816446893,0.2201999204400325,0.13353171371184178,0.6675328046007417,0.7796875073936388,0.47100870221786345,0.3283597650919766,0.161951422142064,0.8939172883701497,0.3277598803793653,0.5960599450725792,0.8468327519465066,0.88329038799015,0.14530342184150352,0.2108870531489664,0.32486817636851356,0.1338690423372629,0.012590613496768727,0.8556638161085233,0.9554462236806772,0.6715600217353506,0.872575008055246,0.5041414045343331,0.4461120885846324,0.9333955208735751,0.9138659734522655,0.42362284821783425,0.21133754527794738,0.9484793745250274,0.786333964393799,1.0,0.9841838013267787,0.3443064739281412,0.8260223544185442,0.8857278017383224,0.6366572672404223,0.999851563997388,0.35171113092508677,0.24658921194065955,0.2869614036708394,0.30455545242159926,0.178378129268469,0.9799353327471692,0.30639724928801676,0.9825636182096058,0.16159577008696344,0.8919846399726408,0.19110743087092902,0.22410709329751055,0.9955868793709782,0.3394593017998018,0.4151975822996648,0.2192643224019851,0.2866250371979677,0.4225018295041484,0.36383838507896954,0.511279773985785,0.8350290137674132,0.8773425927787477,0.4322203536201605
EV2XZWMLLXF2QRX0CD47,0.9731509621689007,0.17340270754320952,0.7171021906915428,0.2593715940548836,0.3498044761642447,0.7794923609272911,0.4996921871591218,0.49454238664851274,0.9827782191772859,0.23053529929250838,0.9933999529339888,0.4530018748165412,0.9702425350968398,0.03138715720089557,0.7781628246168071,0.9849317019163369,0.9905751386473204,0.9238645939427997,0.9681506205245919,0.9796916763796845,0.8556698945976963,0.9828637410099952,0.49150295707295305,0.9268955771735146,0.053018554570970156,0.9744156089867855,0.07916267089839762,0.3109577158076537,0.7943793244472103,0.32243386290602344,0.19966154948002893,0.44612838724751064,0.41685986199731817,0.35354452631150673,0.22142462447801955,0.14306635149175112,0.9403596895779307,0.0790420691715349,0.42013442683647034,0.7841656701657271,0.1539353913009121,0.2761290271714481,0.4744553852469619,0.15855760763322138,0.9286085964297187,0.06417716921331339,0.7864260920269424,0.5159949633338192,0.27886623718362036,0.1909374582699421,0.7197651996315952,0.7882800937364381,0.4872061370438136,0.4336173886014059,0.21080550032805465,0.9211885199585865,0.38093150925497565,0.6250641023939886,0.858730691557831,0.8829334923032113,0.15735848636023803,0.2343917608931067,0.3685289613561581,0.17030592803752007,0.02114705093748551,0.8696313207365359,0.9650469155200971,0.7304141308714411,0.8807657546832659,0.5330438145037509,0.49878722220997984,0.9344632546985943,0.9271745862021411,0.47345034166361,0.22866297762521146,0.9697111079911468,0.8466806453088933,0.9841838013267787,1.0,0.3858927889153461,0.8571862969179607,0.9045898881958959,0.6717405203021587,0.9841218016034688,0.37757551862361,0.26888008899514404,0.3269530888715655,0.3240072996932197,0.2194776361644952,0.9749866803442644,0.3210180608498443,0.9792251006993392,0.21547378191650485,0.902676198674146,0.22024773713241608,0.2518166227738957,0.9847030815701415,0.3549895706900952,0.4598744628213964,0.2493620139562678,0.34828067427177434,0.45576162202863946,0.4154672875735169,0.5485805411381979,0.8670538137064061,0.925752561855368,0.47076012690365
F0HUI1NY1AZMJMD8LP67,0.4502403256073163,0.6358142445229259,0.7218813160495793,0.6792275031794527,0.8048876059760667,0.3864541986713895,0.8620334822629199,0.8436536221322981,0.3432113390006303,0.8743057024686284,0.4383057165328587,0.8769392779192968,0.5373477371444105,0.38901029032825496,0.6933254122745838,0.34901689148475534,0.34472326779905027,0.6078952057864094,0.5425727936168494,0.4724049461668299,0.6960675385510289,0.4406462587643088,0.485117304970069,0.5719808699479338,0.5554542069219277,0.51188434884328,0.6784625300312174,0.8129078083612671,0.7975564567210857,0.8828588671919753,0.7906947818096045,0.80185425998335,0.8207758189147977,0.7069365748541773,0.7344303514478349,0.2350869888042951,0.5090009485310575,0.5925866942203543,0.6463005003020783,0.7273590302269579,0.24821855297227063,0.6691856967866198,0.8748832312642864,0.7869879102454478,0.5174351859740891,0.7355712929994145,0.7840280890263078,0.885689859776675,0.6381662511940259,0.6446906630068815,0.6442139841372627,0.7754291406909273,0.6357827802562165,0.38419737236409424,0.887253700835652,0.6159106927896822,0.8137682421484727,0.6222275812631387,0.7085697312963449,0.49537053891218097,0.7951309603288731,0.8507354952079127,0.8553545909314197,0.7447451229763346,0.42184675682837314,0.6518084941515162,0.555611114746201,0.7790069491243693,0.5349363882477817,0.8872786033503991,0.7279540159026516,0.5040122933472102,0.6732397735148833,0.5790949096210224,0.5510574555023284,0.5463561685398415,0.5616684062769823,0.3443064739281412,0.3858927889153461,0.9999999999999998,0.6842840308365951,0.6244274461058635,0.7901786752420474,0.3446688078213659,0.8626334413564538,0.8299930752136742,0.71126586862082,0.8185719636045627,0.807546384109968,0.48952039718031576,0.7692670226072033,0.4779365087379456,0.673768166864668,0.6893209391997814,0.8376943420287438,0.8752768059980593,0.40443280377375923,0.7946044562056575,0.7919749251667425,0.8716349254561672,0.9158455552878759,0.8858870779815935,0.7948049263120476,0.8303652540199773,0.5563716748141115,0.46814291033065336,0.8761633094170438
F3JS33DEI6XQ4ZBPTN86,0.8748109483881232,0.48166825543723013,0.8615715103028122,0.5911567423953913,0.6864019176657797,0.711229398191544,0.8119015625074538,0.7857555229167471,0.8245279648477994,0.6314939639453417,0.8721236907663136,0.7672819872977448,0.913983684454508,0.18986960158513536,0.7464452151611768,0.829589314206158,0.8282662769786676,0.9327711913963213,0.9193884229197573,0.8779226058663813,0.9692840668330218,0.872583033416819,0.6712259083487656,0.9266195870811903,0.33023146232262995,0.8926840242607273,0.39606783051572575,0.6673862187167159,0.9099783174168922,0.6733524741872899,0.5793527255265184,0.799463693694673,0.7041681036112318,0.7003341554643768,0.5162470398579562,0.16758543635150952,0.8845718149074367,0.38723689330928734,0.6099990088160233,0.8933814142755344,0.29260026318505333,0.4233019298890672,0.7837996822266836,0.5537294171333644,0.9127197822815489,0.44684816076034295,0.9120573066912293,0.8096288141121855,0.663264014558004,0.5500261827189098,0.8576018427970742,0.8817741089725198,0.6626829901647187,0.6198577928454604,0.5158025693220857,0.9732232455724025,0.7689593849047763,0.869892300893349,0.9133507276981698,0.8702731801701639,0.5168308607303919,0.5841104257002433,0.693286075573849,0.5999921859983028,0.26367951328961436,0.9197158303220963,0.9174734351342964,0.9432970175484579,0.865199223053553,0.8187187035133339,0.7538693595374162,0.8764800708651516,0.9417313237316439,0.7874094903013071,0.4765384411817962,0.92187533022879,0.8740153046954233,0.8260223544185442,0.8571862969179607,0.6842840308365951,1.0000000000000007,0.9673836002827287,0.9236078794046265,0.8278346365783996,0.6991579441009943,0.6106750804470389,0.6494677323963657,0.6530758235963601,0.6285197416324437,0.902985586418619,0.6157978837522261,0.9051623249329355,0.5806636407131234,0.9680114830151286,0.6131031736874836,0.602212791933321,0.8628545698526606,0.6504189547401688,0.7824102367711369,0.6225378761729855,0.6923912453662767,0.7938803140915258,0.7846459982642462,0.8222162754830379,0.8728821666559328,0.8801794479579791,0.7524412137465702
FR9695005MSX1OYEMGDF,0.8949797557701203,0.4515680454913333,0.8635727927706099,0.49872883506820825,0.6361395735774187,0.8124756553144218,0.7779597685130314,0.7593125192564321,0.8866842442146486,0.5421980671864528,0.9180163001711321,0.7257638408104022,0.9496873306597733,0.1906771523804592,0.8024216734010392,0.889879085909065,0.886033641805427,0.9349932513545832,0.9501242610213201,0.9401648204393084,0.9522861757288548,0.9275565364567252,0.7211825695151806,0.9467404143344994,0.362432982085336,0.9434501402949148,0.32040192377499677,0.611899068719791,0.9127604338258304,0.6069905071366758,0.5065940760295732,0.7453378006183765,0.6957019465290207,0.6429402579516089,0.46966982743456476,0.18171054890335572,0.9417119775578835,0.2137454524620738,0.6781598006653293,0.8923446363784633,0.20164733957131972,0.44037569006908656,0.7080612060055547,0.500478164782628,0.9456256662076534,0.4081231801202434,0.9222582257277016,0.7586416499896995,0.5730338114376156,0.4246216644673237,0.8258416185512404,0.8966920633532331,0.7090510204122491,0.5347925073309405,0.4273559647022712,0.973377068472127,0.7007012992552004,0.8389286381817282,0.9496177513559895,0.9059345444942626,0.4303389227525276,0.5048665316214839,0.5826022649546791,0.5226485058417764,0.30722565510743,0.9615438760717316,0.9574131063331869,0.9092861014534352,0.9254531363957404,0.779499937905969,0.7736582072900727,0.9484282216465112,0.9470447332141799,0.7337459695332855,0.43896532816641953,0.930574871129302,0.8459218985200373,0.8857278017383224,0.9045898881958959,0.6244274461058635,0.9673836002827287,1.0000000000000002,0.8831046599476248,0.885998927374369,0.6540855894192898,0.5527660197197328,0.5733651364588769,0.6268460239514217,0.5340224151768989,0.9380524344203051,0.5953388712426468,0.9459457160834104,0.49167225262705483,0.9648726235359115,0.4870156671515202,0.5285612229337869,0.9195530515105738,0.6230077856967724,0.7133126140122772,0.5353946471639315,0.6030164808247478,0.7405627906921961,0.7253061567403515,0.7990460921379842,0.8599134549172446,0.8703701882001577,0.7408552763191661
FR969500TJ5KRTCJQWXH,0.7083788231981755,0.7495097458157837,0.9353743235105668,0.7333648085362703,0.8626861982523825,0.626723677386748,0.932269154581583,0.9026963166095067,0.6379420110538465,0.8178145249646198,0.6969202270303319,0.9293838448884486,0.7892126492165255,0.3127279655275212,0.6507916104683814,0.6429548112408613,0.6394468000658555,0.8389511659354076,0.7971217887336429,0.7271272339067337,0.9332534990603797,0.713196465605179,0.7411545964929104,0.8243976379375694,0.5414081226664436,0.746251586179198,0.5454307750803112,0.8706792521353919,0.8917806733998341,0.845822840031253,0.7841066967033815,0.9213029413794203,0.8694315059701343,0.8303359311084564,0.7010499354629676,0.19180289711092013,0.7910134706648857,0.49935523057393383,0.7721625667432201,0.8929419280211118,0.29192272974811034,0.45190283560108535,0.9020145080274331,0.7663800987228256,0.8015932305195397,0.7217208333300623,0.9217988643587134,0.9185702282113576,0.7212749252249163,0.6945837365786992,0.8646888093372174,0.8946687853424573,0.7616543152665266,0.5682466813583243,0.6228483008145679,0.8904479566805299,0.8905339230093555,0.826211315974166,0.8576916720787711,0.8167884903066929,0.7143798709392675,0.7667258181412359,0.81889865795051,0.8148452390620381,0.46471135387157303,0.862263501782383,0.7767598454024287,0.9181314600760335,0.7682263315545633,0.9313722628621335,0.8181481720241981,0.775669665271161,0.8436612661017597,0.8008381701979966,0.7438359922605957,0.7843748110995845,0.7797350450170591,0.6366572672404223,0.6717405203021587,0.7901786752420474,0.9236078794046265,0.8831046599476248,1.0,0.6381222563263079,0.859314445375839,0.8064271962663805,0.7953296600915635,0.8406411900483406,0.8203802331495729,0.7673725631843741,0.8119459233607805,0.7647205294255651,0.7493591856922429,0.8990000366374301,0.7480558579423661,0.7878235828762765,0.6915576973894858,0.8386120750539826,0.8803139595909971,0.8078867303511249,0.7657265778110981,0.924786246449869,0.9077188461997561,0.9378576873150168,0.7454950728080403,0.7497719118289657,0.8901464863149338
H0YX5LBGKDVOWCXBZ594,0.9462749691464244,0.15185006272278678,0.6826599490936059,0.21646006188641856,0.32328387606110487,0.7754095692767289,0.4599783075537586,0.46409984706717367,0.9988616898937719,0.18880180351194736,0.9883674307557798,0.42086554119685754,0.9710001772994229,0.025223555686949988,0.7540700876112912,0.995436929951531,0.9984089591352975,0.9068773348087551,0.9610538992240787,0.9838929428540063,0.8429096029969747,0.9904586706944096,0.4722655123213863,0.9040696685826966,0.03652219172782468,0.9774580541216454,0.06256342937976447,0.27208015335638763,0.7815742500049953,0.29599626408807117,0.16168993417953112,0.40462476928369273,0.3923406982936613,0.2734215885232222,0.15681972964746121,0.12374655701735136,0.9452581450169703,0.02243161228403127,0.3845516239581991,0.7450909409141544,0.14642081161886877,0.22685115442112597,0.4382056750280695,0.12572243488764523,0.9157925727433252,0.024473287935880467,0.7567047245699481,0.4885720432618968,0.22501472773792658,0.13880960675280224,0.6667483060838425,0.7780910080125053,0.47204185821172584,0.3278426971320081,0.16140371158059824,0.8949239923805737,0.33064025783986495,0.5975369310023221,0.8471513058805044,0.8862361164158192,0.1451854670455377,0.21079680205081255,0.3248772393479274,0.1362724371302906,0.012503856044987832,0.855396992721464,0.9562019656914192,0.6721542870055426,0.8736976450322083,0.5047894329547368,0.44391489695106173,0.9334691786180435,0.9137934800400388,0.42746346572343613,0.21103495471887188,0.948311551966618,0.7864038413888409,0.999851563997388,0.9841218016034688,0.3446688078213659,0.8278346365783996,0.885998927374369,0.6381222563263079,1.0,0.35151609594091343,0.24638894717390453,0.29047989246163414,0.30578988721149153,0.17953302756444095,0.9801258550201767,0.3062685727402268,0.9828415082598377,0.1652226881219983,0.892724279434865,0.19118810942791792,0.22400513736084837,0.9957098371317927,0.3393352240224094,0.4172868875900467,0.22034597407879708,0.28698782160329805,0.42371441288106915,0.3652504930205338,0.5126208664658094,0.8389259684946089,0.8770197993920579,0.4327167405843061
J48C8PCSJVUBR8KCW529,0.4104738384337012,0.8580338900052648,0.7559379418595851,0.7638095558114907,0.9624130454000984,0.48992087926694095,0.9484568766508349,0.9594401000958962,0.3548625343405322,0.9659747747621981,0.4147358796373583,0.9548682491450989,0.5369423551085022,0.4047494193381236,0.4636075622531931,0.35747636739132177,0.35419676526545557,0.6364895844362306,0.5632148629163644,0.473485126018059,0.7588838441645857,0.45785248369957976,0.6540172576239044,0.6130838019754464,0.6815290680632633,0.506956732780944,0.6910824886825364,0.9623968623874074,0.8068895801064634,0.9823504029123061,0.9512872101932502,0.9321681692922199,0.9243364026397255,0.8108219052753066,0.9029058396336517,0.17667546727718852,0.5589404777531876,0.6736111855492599,0.6754258666327596,0.6970127962047071,0.14123980758248053,0.43004917761070677,0.9287161195462326,0.9384598153900681,0.5225792653493821,0.8396519366637342,0.8252128653555115,0.9778024080130012,0.7152108765168869,0.7114232345446856,0.711679617559367,0.7714884050630545,0.7537548085430256,0.37465659592092904,0.6817798821406968,0.6546639470023804,0.899312494527951,0.6652614803180672,0.7078475656119633,0.5258586077974635,0.9455702145549041,0.9686533684705754,0.9398301887054334,0.8819156135686782,0.5907253316769053,0.6411410357492472,0.5196425358199069,0.7609283903593524,0.5895331447142429,0.952300691662265,0.7933351850563974,0.5638615866905672,0.6613123384268025,0.5701459469939322,0.6728423966504389,0.5385056101075361,0.5229250898965787,0.35171113092508677,0.37757551862361,0.8626334413564538,0.6991579441009943,0.6540855894192898,0.859314445375839,0.35151609594091343,1.0000000000000002,0.9877651331981766,0.8221954063705017,0.9713291953223653,0.9501620233278597,0.5142795884693179,0.9669844898154314,0.504565925730526,0.8068727662325953,0.7096123384962583,0.8901163976331987,0.9794793432970134,0.42082060510961744,0.9809340709655785,0.8452979700685826,0.9589397482520668,0.8018938168979171,0.9718960133913462,0.9140137867916258,0.9476243120981506,0.4564062236460013,0.4797700823147453,0.9481399764508036
J4CP7MHCXR8DAQMKIL78,0.30065562212229396,0.8808812513377335,0.6874976415004918,0.746431669806085,0.9519131918587312,0.38082876827938394,0.909573599634328,0.9234007048183237,0.24950944493012386,0.9679940522559322,0.30403293861883746,0.9296526799118793,0.4367117649359241,0.4305192755130486,0.3643756171874793,0.2522246381185134,0.25000299019285965,0.5481659161285466,0.46158389576889913,0.3658424257659004,0.6864894623277036,0.35263545220809445,0.5934200916608092,0.5216192267566034,0.6856503213524765,0.4002629354721082,0.7214998313354695,0.9552570665993428,0.7276980057878031,0.9780335445108873,0.9570973768846066,0.8967178677546193,0.9029153053364203,0.7762445170347104,0.9077267143110844,0.17415081193048393,0.4628671942000245,0.7006541078592948,0.6235732794337351,0.6064932803106363,0.11949390290092976,0.35696603450303327,0.9056864115430284,0.9478049269177038,0.41871027080881285,0.8446947753397709,0.7466795554428118,0.946620490226099,0.6886099100210695,0.7033312219977939,0.6387267092380892,0.7056753094560996,0.6964841013365306,0.2911273807727424,0.6758047800760606,0.5588045252803059,0.8683792973827125,0.6041125406443548,0.6110315774348887,0.4393502741135873,0.9762939919143752,0.9810407682554191,0.9364095646738629,0.8933277742673926,0.598286770662242,0.547557999383164,0.4075535052964797,0.6725083369701738,0.49114015524695054,0.9139685771794149,0.7245882093635098,0.45878170532844786,0.5721651582336272,0.5142664406799207,0.6935586150206416,0.44197591278380366,0.4230128737626777,0.24658921194065955,0.26888008899514404,0.8299930752136742,0.6106750804470389,0.5527660197197328,0.8064271962663805,0.24638894717390453,0.9877651331981766,1.0000000000000002,0.8006095539549358,0.964505576831138,0.9592773296022598,0.41749516325184516,0.9661020520579978,0.4037962615887353,0.7956254537568046,0.6250794214236375,0.9066464230055195,0.987664921937286,0.3155767319781037,0.9784749774741225,0.8199972409713348,0.9703274646822685,0.7603364226003171,0.9475535505315107,0.8815164578859649,0.9030841244987479,0.34834770618232186,0.3794993698976523,0.9046729322708204
JEUVK5RWVJEN8W0C9M24,0.44002859805166317,0.7057375336635008,0.7579926445009237,0.9860558685096463,0.8975617898717303,0.4067343884704765,0.8255822080546563,0.837125122485539,0.29759758121459673,0.839202774601064,0.36215969475083654,0.8347564065803216,0.45434562423560637,0.3163662362020423,0.33962141676470375,0.2999902644145743,0.2920308177810118,0.5806566071914822,0.5068554471077672,0.393850578682386,0.6652346435760389,0.3776365100253864,0.7920102778084877,0.5446289494578508,0.6120034291009289,0.40433370720721085,0.5414177026682369,0.8867005429632655,0.6580320821497648,0.8454794981968897,0.8810962005479087,0.8821411621328427,0.8259937959749011,0.7628162083035501,0.7219767202727229,0.1222912128445233,0.4710877842447432,0.5926702485389463,0.5615297112240345,0.6783521932030528,0.5685582099821841,0.2783341601638018,0.8894635003938408,0.7793319039193796,0.5056840408028273,0.7857821698352975,0.7487634733637197,0.8218019326258836,0.6447790066050958,0.9612622274300063,0.7911047631177289,0.6602785093356353,0.8271183004312258,0.47726314066752423,0.6409317953306504,0.6135462775625833,0.8642977978736996,0.5298133636099187,0.5718323790949562,0.5193267373582325,0.7388223709286523,0.7663179870279959,0.8097050867221934,0.7862788744689043,0.5444153645834249,0.5364120273853081,0.46143716892774056,0.6989548126846971,0.46318210057358955,0.8264887778065922,0.6776019161346014,0.5127248976732525,0.5492253961021601,0.5776137991946457,0.5881143433590073,0.49832748780073466,0.5763478021692358,0.2869614036708394,0.3269530888715655,0.71126586862082,0.6494677323963657,0.5733651364588769,0.7953296600915635,0.29047989246163414,0.8221954063705017,0.8006095539549358,1.0,0.8761094390515666,0.868526394823896,0.4477975803578599,0.8203604530626114,0.4338189404198281,0.969900354021746,0.6066147143889908,0.6962024456196207,0.7867253886203153,0.3425619718898572,0.8036269176634036,0.8310376240727234,0.8505461872153427,0.6299724327939974,0.8394297258110264,0.8822026365929138,0.8880660874786369,0.5890930877189565,0.5178112111016138,0.8363375006264124
JU1U6S0DG9YLT7N8ZV32,0.36404326668135534,0.8630537573422689,0.7651244929335295,0.8197786195716092,0.9791881088718333,0.4796659378805861,0.9369688697726856,0.946651949106173,0.3102813073461757,0.9433744553353788,0.3635250803825124,0.95045100106504,0.4881369190224252,0.45663594650668704,0.4208311366979075,0.31095774519479014,0.30634341476690685,0.5863478285596236,0.5137302754452734,0.43703018929204057,0.7147179076026701,0.4135631922707568,0.7419546706236587,0.5698740476729737,0.7682452692943296,0.45592351116756563,0.6632172181314551,0.9696705676019434,0.7623483009562214,0.9683898021303324,0.961120439030279,0.9341854555099355,0.9539419372305662,0.8012856034985107,0.8760205302512206,0.19721865945773837,0.5342850360840622,0.5544931560754568,0.7137795125797034,0.6802864010380287,0.26297741505368444,0.39442007330559875,0.9182361856923535,0.9481570972615313,0.507322693933407,0.8867735252190234,0.8005837273208923,0.9427062951630111,0.7032459042466451,0.7639406129171684,0.6882171870122545,0.7321983115700326,0.8200723310033516,0.30170034842824284,0.6616041795561471,0.6124481567592023,0.9052326546513892,0.6315790790736832,0.6732767785634323,0.5290959334754818,0.9055247016680124,0.920679338045326,0.8726096017333187,0.8929017460430397,0.6891645919116763,0.6208419200170707,0.48075491006041066,0.7103415647973452,0.5662642555744656,0.9337634243442843,0.7953876742607664,0.5469943391113372,0.5990246506111433,0.5833393506579103,0.6730898206877495,0.48080497079373447,0.4627693375794501,0.30455545242159926,0.3240072996932197,0.8185719636045627,0.6530758235963601,0.6268460239514217,0.8406411900483406,0.30578988721149153,0.9713291953223653,0.964505576831138,0.8761094390515666,1.0000000000000004,0.9395604874889596,0.4688888392643036,0.9631196198879967,0.4605793761710937,0.8529938069558353,0.6572090124306493,0.8168965562054845,0.9390719288006997,0.3749132528858972,0.9666442156480254,0.8581077791698036,0.9466333231717442,0.7257540315293834,0.9577788532456905,0.9160109715428557,0.9525339662893053,0.4547810883858841,0.4169060844146584,0.9493348420213277
K8MS7FD7N5Z2WQ51AZ71,0.29209113371294154,0.8479343609658629,0.6813453683727331,0.8348912337772226,0.957700871327754,0.3099150766016573,0.9003701957103974,0.8977957482585106,0.18200070987782085,0.9758278471087912,0.24955594613307874,0.9150807383556436,0.37650702592044255,0.4306935416166463,0.30925025222317165,0.18590248687970756,0.18233453666302937,0.5245025739045688,0.41425670484619176,0.2985874373920225,0.6577826941093832,0.2852152056114253,0.6320132320836648,0.48806780883179934,0.6813414767376907,0.32905376644782375,0.7282294896838986,0.9679624062219664,0.6568010961093227,0.956159577660155,0.9717838037094787,0.92953472104115,0.8947771541872861,0.8504025371346854,0.8736771988932274,0.17920491973484798,0.39103554619385394,0.754462073626191,0.5888778646654498,0.5982680880510393,0.21992021666047062,0.3135616649285459,0.9269035261435402,0.9372734373705284,0.3968966008856361,0.8509051077738566,0.7130976089245907,0.9166579844690158,0.7555510012134317,0.8251700469352667,0.6927160479000424,0.652090926919388,0.6825146230217517,0.45382891269331355,0.7070899265243891,0.5529545992886523,0.9240152209835084,0.6476031698721321,0.5450693001337193,0.3934872338607846,0.933038616298706,0.9376414659078591,0.9399374843732736,0.920734598905696,0.5987014615841961,0.5067636513626338,0.35953611918200457,0.7115653787583458,0.42907333802288944,0.8888968754990845,0.726328394283822,0.3976911406878235,0.5178187620418888,0.612236438628024,0.6731181428211278,0.4104363929685649,0.47435315969858477,0.178378129268469,0.2194776361644952,0.807546384109968,0.6285197416324437,0.5340224151768989,0.8203802331495729,0.17953302756444095,0.9501620233278597,0.9592773296022598,0.868526394823896,0.9395604874889596,0.9999999999999996,0.36254322302436154,0.9152237125591249,0.34958974365755596,0.8878171860108639,0.580981419357069,0.9195176048078539,0.94665337407174,0.25039746795703915,0.9226795459578768,0.8853344352686143,0.9688444059592126,0.7730741794883379,0.9461401911861196,0.9393311707741109,0.8983717786574933,0.3668652820955383,0.39717661947489974,0.8798611996953238
LIU16F6VZJSD6UKHD557,0.9596066123778622,0.31456907787705585,0.7937397660952475,0.36947602905142163,0.49168187534783514,0.785956892055056,0.6102395612357558,0.6072673939604074,0.9789168726544614,0.3677105179420707,0.9855205899903849,0.5792485307555413,0.9942295816334464,0.10260548232889445,0.7807664215489677,0.9782854141104355,0.9797218276714419,0.9634794000864702,0.992585728056218,0.9891244421823129,0.9256372592399706,0.9917013551616496,0.5595265790143381,0.9504655153616511,0.16904919616933772,0.9881439634228575,0.2096160048876858,0.4490392881534961,0.8652518271563971,0.46674492157240616,0.34260939485401565,0.5567887866345496,0.5468333183708746,0.4236227885701205,0.31952867757405423,0.14766530492034588,0.9718779272464168,0.1737620432741177,0.48736900071039724,0.8309876115955398,0.18854117475857143,0.2783513232712604,0.6027819506919655,0.2961287510779303,0.9443948234941,0.19445001793839412,0.8591036582389587,0.6398302150171604,0.3404923913583884,0.29726066946338026,0.7762579333135223,0.8703029626955566,0.5715684281318186,0.40443261525527613,0.3066161732100129,0.9572429329285558,0.4848300690187301,0.6726804015784961,0.907232908448185,0.9212846957888342,0.31589226394797526,0.38020846220628296,0.49375455218703895,0.30225406105227043,0.12855626444746737,0.9063389642056572,0.9753776572849372,0.7724419340469195,0.9042476825042042,0.6529432068519407,0.5570130475910846,0.9571858898463165,0.9675452186087566,0.514717111451234,0.35264243978948784,0.9822193516759068,0.8514079046847224,0.9799353327471692,0.9749866803442644,0.48952039718031576,0.902985586418619,0.9380524344203051,0.7673725631843741,0.9801258550201767,0.5142795884693179,0.41749516325184516,0.4477975803578599,0.4688888392643036,0.36254322302436154,1.0000000000000002,0.4636221628210552,0.9986110750414077,0.32928803363004516,0.9582634587787064,0.35793281192675613,0.39479405505742343,0.9883482744613387,0.499042599575622,0.566015225583449,0.4007462178992799,0.42188337187678443,0.5841599954883648,0.5230896301616758,0.6586950435909771,0.8726892807789436,0.9167207208961271,0.5819975965179616
LOO0AWXR8GF142JCO404,0.34695882887163515,0.9152692702321684,0.7300548908575537,0.7735638292031939,0.9476473548821478,0.5231066709927307,0.8917611893308932,0.9522315400937421,0.3171971195846316,0.9220258826006503,0.35555638461238237,0.9126604942849501,0.48049892303817254,0.3668312791139684,0.37697216149560747,0.30993089284299685,0.3079521544259313,0.5678473316615049,0.5130799785286443,0.4212686543125117,0.7092961943661487,0.4112053594169325,0.7195615966244195,0.5596156751742231,0.63879296631758,0.4496096929008346,0.6721032741000348,0.9403229518806729,0.7481503418091522,0.9366697047942322,0.929634089361834,0.9085759830117328,0.8793885171290263,0.7906361978606075,0.8424926914177395,0.13977276600035618,0.5382833109984537,0.6268794202411444,0.697517143221067,0.6533279234414987,0.1319212281910319,0.3329409553512614,0.8656467840471049,0.9174399873119342,0.4892585725043948,0.8284681403585402,0.7842010747294911,0.91966473589867,0.6766585386328151,0.6951823725673458,0.6859422085173286,0.7361834062110406,0.8092777223554737,0.27473846392328444,0.600373169543027,0.5904832806662923,0.8664866252736042,0.580545585677768,0.6506905873301151,0.5178947658809137,0.9065917656432831,0.9439487321392389,0.8721110842464177,0.8687025037741044,0.5556537092827223,0.5823314414345,0.4574722661404521,0.6817763094980022,0.5678356238580465,0.8858566076328559,0.7400771689182432,0.5569324631831425,0.5890809939215251,0.509262665966515,0.7078162626849188,0.47123749816619676,0.44204583722442947,0.30639724928801676,0.3210180608498443,0.7692670226072033,0.6157978837522261,0.5953388712426468,0.8119459233607805,0.3062685727402268,0.9669844898154314,0.9661020520579978,0.8203604530626114,0.9631196198879967,0.9152237125591249,0.4636221628210552,0.9999999999999999,0.45351883519546243,0.8243456115086023,0.6452305586194216,0.8206722734291315,0.9458573250837571,0.3766661147705992,0.9905743697629543,0.773927388523717,0.9145282728300409,0.6983155798133002,0.9149198598038477,0.8849309087245157,0.9254839756886251,0.39120699490874666,0.41546407384344813,0.9104671830763996
M312WZV08Y7LYUC71685,0.9584318315423365,0.30672897915209885,0.7913090230123488,0.3550018201303371,0.4821819896934217,0.800107572420687,0.608125432998429,0.6034767034263839,0.9816051521716468,0.3572299081906963,0.9886255576890471,0.5733424097900858,0.99491405983728,0.09407561437468936,0.7813019680127178,0.9805124181387922,0.9823943545053789,0.9579945349195697,0.9912259553460434,0.9932456258352274,0.9213222335605007,0.9946309277258564,0.5665313010208236,0.9494702559078967,0.17279668616110228,0.9919268343786727,0.1880058973047327,0.44063013748471247,0.8649962122617336,0.45464219262662986,0.33190774699635933,0.5560560824694285,0.5408293948980478,0.4276223993739709,0.3129854020093987,0.143758541392421,0.975057677148452,0.14678650531633305,0.5004158528014087,0.8335040223271339,0.17792678554537916,0.2969632709959224,0.5865169788667841,0.29261650744397366,0.9499146995268172,0.19407687486671324,0.8553131502676853,0.6317845174866421,0.3495784169519644,0.2812097263691614,0.7669996660356234,0.8592691777616985,0.574534775809249,0.4145792270584136,0.28360667085200286,0.9584115349257429,0.4844928752771903,0.6824688288946331,0.9121167408589177,0.9238780817798818,0.29765290620806206,0.3645336205646763,0.4739789563436082,0.2995265164989367,0.13470390461875853,0.9122418630384131,0.9805742069538831,0.7782099933754947,0.9132579347305371,0.6474416504439331,0.5699551744964476,0.9629841069511451,0.9633242992686226,0.5285615685189161,0.34201184983076005,0.9780380216690364,0.8477386197064961,0.9825636182096058,0.9792251006993392,0.4779365087379456,0.9051623249329355,0.9459457160834104,0.7647205294255651,0.9828415082598377,0.504565925730526,0.4037962615887353,0.4338189404198281,0.4605793761710937,0.34958974365755596,0.9986110750414077,0.45351883519546243,1.0,0.3179618881990442,0.9556949221794518,0.3399341144549384,0.38046944672020155,0.9919304961303894,0.48868429767069876,0.5564551911287443,0.38228820748537895,0.4217872522514062,0.576907288920642,0.521026646754785,0.6546748672364001,0.8729510315184521,0.9135443367202778,0.5807673186229602
M6AD1Y1KW32H8THQ6F76,0.33783666803676915,0.7536885578100097,0.6943630677245888,0.9793383098271115,0.8837027467210611,0.3673488520161172,0.8029015082624799,0.834773557499788,0.17359211586930898,0.8501815911372286,0.2429747219262304,0.8106385491359395,0.33771323127477854,0.32828857352440466,0.2539710479426314,0.17461386574577975,0.16758625621515463,0.48808747470291736,0.4003932574581092,0.27214535717788996,0.5911658927874146,0.2630254130117963,0.7661750838390262,0.4565759346232303,0.5563652649818176,0.2865811094347969,0.5400585792370142,0.8828794663068293,0.5794733256461928,0.8211560685988754,0.893245889891566,0.8930595131208151,0.7767908874048731,0.8385308374567834,0.699661792747179,0.1457876452007507,0.3765110780551731,0.6632207520070712,0.5647580698367839,0.6229690456101685,0.5135121274154011,0.23544672620557375,0.8437083441713105,0.8079802841242735,0.43167409318480443,0.7904660484034632,0.6862128687905866,0.7816499589599825,0.7238704763834406,0.9635731237679863,0.755233288954027,0.578084948141538,0.7791261177763859,0.5259686588853478,0.6310952769463699,0.530813976511246,0.8883178699445852,0.523216960155494,0.48153981135616464,0.4292747874508665,0.7316522892702217,0.7773135980430308,0.8038694034008991,0.8181236494767508,0.48246858278703425,0.4560704003973897,0.35027228393336884,0.666270389040638,0.41044055578238703,0.7648230585443574,0.6779549653996816,0.4183002802524351,0.44659794642449,0.5905818776334749,0.5837310018546509,0.391294660790638,0.5150439312511155,0.16159577008696344,0.21547378191650485,0.673768166864668,0.5806636407131234,0.49167225262705483,0.7493591856922429,0.1652226881219983,0.8068727662325953,0.7956254537568046,0.969900354021746,0.8529938069558353,0.8878171860108639,0.32928803363004516,0.8243456115086023,0.3179618881990442,1.0000000000000002,0.5105537125891602,0.7075275488317375,0.7877718733456072,0.22731881783978658,0.8007828196689336,0.8145431988716959,0.8362409864423194,0.6361213646886339,0.8148583073928763,0.895441781963206,0.8620913802515385,0.48716946724792776,0.4424873263744563,0.8049818284366569
MAES062Z21O4RZ2U7M96,0.9015280777432106,0.49888699267237313,0.8737882228633131,0.5339394739543859,0.6767440197549113,0.7604452635416165,0.789785948578382,0.7833409987811402,0.8908715635350843,0.6023919525550007,0.9243109260543142,0.763453274867991,0.9683511139867099,0.18427039956041688,0.7908746857405813,0.8928439250506346,0.8928458939926528,0.9645071939924416,0.9680384214221998,0.9368440092174136,0.9867957697827886,0.9337732279447262,0.6297350018702647,0.9512391854043478,0.30866753731262364,0.9519896888343872,0.38578259978587615,0.645672912196737,0.9552405942571248,0.6763127821608829,0.5542168092813622,0.7434782297512885,0.7037951855891532,0.6050125229576119,0.5133646346438393,0.16453939030238623,0.946774319369095,0.3546757121593279,0.6083971612215144,0.9040685408087541,0.23828081181034158,0.41606484533243016,0.7711336805749485,0.5239884368429847,0.9318557267236312,0.416613527335577,0.9382813536957235,0.8163128345994424,0.5428387121684309,0.46868421535794563,0.8351362916988702,0.9334549659277764,0.6714086971027787,0.4734861826384448,0.4920277126700769,0.9774453087393296,0.6876466578121433,0.7797977682321617,0.9544104086816815,0.9129673787990907,0.5337935724521141,0.6015297115848767,0.6873675638335769,0.5349509146515473,0.23941795127213641,0.9375593071732563,0.9558113653189769,0.8862420447191461,0.9038930323764895,0.8224808155816616,0.7027831456212934,0.930108722519107,0.9886589169541604,0.6523592265267719,0.49687692878551504,0.959152849020789,0.8539480570777056,0.8919846399726408,0.902676198674146,0.6893209391997814,0.9680114830151286,0.9648726235359115,0.8990000366374301,0.892724279434865,0.7096123384962583,0.6250794214236375,0.6066147143889908,0.6572090124306493,0.580981419357069,0.9582634587787064,0.6452305586194216,0.9556949221794518,0.5105537125891602,0.9999999999999997,0.5825462373223353,0.6169670184157585,0.9212385484581077,0.6814462448910017,0.7209801314721574,0.6144253030878246,0.642409229812067,0.7723856459929334,0.7097752708412567,0.8139366773586344,0.8728559934512388,0.8860931907768342,0.7545898078499538
N1FBEDJ5J41VKZLO2475,0.2644280366293044,0.7290555865539053,0.5499674841715391,0.6647927831410829,0.8437897327856382,0.2281367282180633,0.8133450271686278,0.8229822095406497,0.19028042869104805,0.9337944017475728,0.25561445088751567,0.8191927612202518,0.37346430710547673,0.31733562447223673,0.33255696339029267,0.1943864584343613,0.19232010220645152,0.4888033145343236,0.39527169499746084,0.2850309689507376,0.6408996236349035,0.28009926428038495,0.4214438511751992,0.4603438845036644,0.486442774501611,0.3352291911618241,0.8425223125603265,0.8373448896784521,0.6473721626047775,0.9075738864298496,0.8548663202015773,0.8164155557219356,0.7592719766813946,0.7194837964977278,0.7917250243279321,0.09873098485737261,0.3492554407660313,0.8104871341677524,0.44481083061603777,0.5305619087274784,0.09929958374317711,0.35607887777276054,0.8710596640847177,0.8392104452917666,0.3474276766478444,0.6832171068512362,0.6354464609852737,0.8782092757837593,0.7130031540979337,0.6606796663524016,0.589752013794271,0.6276848240406471,0.5048934818413785,0.36397998603782417,0.7671760427382897,0.5067454355567261,0.8270352860359232,0.6327416909163878,0.529126394443005,0.32333595628293055,0.9212486842117436,0.935145594973736,0.9344978233049006,0.8267193879287132,0.3823382532433432,0.454217442937552,0.3532525479507246,0.6865129926076886,0.3856803773461938,0.8320834967527613,0.6175393961349432,0.3340450839335924,0.5405149585629689,0.5636562732150898,0.5711257934128648,0.41534559874567795,0.4241992590538773,0.19110743087092902,0.22024773713241608,0.8376943420287438,0.6131031736874836,0.4870156671515202,0.7480558579423661,0.19118810942791792,0.8901163976331987,0.9066464230055195,0.6962024456196207,0.8168965562054845,0.9195176048078539,0.35793281192675613,0.8206722734291315,0.3399341144549384,0.7075275488317375,0.5825462373223353,1.0000000000000002,0.9275855288459147,0.25257504411305853,0.8417299954402847,0.7832615386055761,0.9275279428976999,0.8421215321035852,0.8848331785338311,0.832306101770938,0.7742081896243517,0.32214907571848334,0.35180519977446517,0.7725612165699463
N747OI7JINV7RUUH6190,0.29081247472866256,0.8540758921016122,0.6669272861849058,0.7449909301751684,0.9314785008539841,0.3664953738758715,0.9017975881719507,0.9199469893461335,0.22622531095449291,0.9792564544717866,0.2943161714535251,0.9232652873550171,0.4224995873336944,0.40921653828209736,0.38774477634334664,0.22981456787350965,0.2269497957685066,0.5328215296512708,0.44671582832063395,0.34525657669355125,0.6688387035544024,0.3339439995058263,0.5390139884906249,0.5012346471641084,0.6213919488044767,0.3894931732608526,0.7352906368192936,0.9346326296853408,0.741175684262894,0.978133931221353,0.9454167294244141,0.8824381495027046,0.8693102793334778,0.7676241362260132,0.8883374888203948,0.17750545691193417,0.43854949089024753,0.7458724478580798,0.6079570882475224,0.6223206405632579,0.13944085697160338,0.4388331278622003,0.9005833735409076,0.932060246927309,0.4037972403386244,0.8339343959711696,0.735639120799719,0.9459539103544948,0.6961150852144716,0.7065365811117365,0.630440223002397,0.6905600983273525,0.6712290440570599,0.31423787753532423,0.7262316559089841,0.5417430180335736,0.8601031025687522,0.5773376986904118,0.614540779764628,0.41415567314242224,0.9701516349363936,0.9945567712035037,0.9523822503891779,0.8716335462307534,0.5184271102340211,0.5335963185270378,0.40523202093334537,0.6842106582876972,0.4793884227559894,0.9097548308163141,0.718533422084092,0.43493199031577034,0.5728674825646214,0.4976416612968874,0.6626431322439551,0.4329886671103445,0.428797660476681,0.22410709329751055,0.2518166227738957,0.8752768059980593,0.602212791933321,0.5285612229337869,0.7878235828762765,0.22400513736084837,0.9794793432970134,0.987664921937286,0.7867253886203153,0.9390719288006997,0.94665337407174,0.39479405505742343,0.9458573250837571,0.38046944672020155,0.7877718733456072,0.6169670184157585,0.9275855288459147,0.9999999999999996,0.2935995910929864,0.959676182768852,0.8003343243273479,0.9658793149894206,0.8269812071696483,0.9343150988408072,0.8624834723585407,0.8864942902383668,0.3675977670691417,0.37320591049508467,0.9035967817933511
NHBDILHZTYCNBV5UYZ31,0.9482313707690095,0.22021009419965748,0.7233473337858456,0.26884766812822086,0.38814759691012557,0.8077591838363138,0.5270940436972261,0.5348456733764536,0.9957099729822128,0.26058181493229843,0.9909945663651625,0.48918875263949113,0.9832024287739477,0.0764254827598229,0.7798739458449168,0.9915656013504027,0.9942903444862079,0.9295959627940824,0.9756385561348034,0.992095891651719,0.8776334072526097,0.9972419405400168,0.5255448889019583,0.9281144679199607,0.08718464262266977,0.9887343819445772,0.11314106621148791,0.34104087889705853,0.8247650319160059,0.36062507812927064,0.23026633306397173,0.4761311873569824,0.4564452008193301,0.34793544054975406,0.219260941724426,0.16059944419742506,0.9634493767456594,0.0671862339707177,0.4481284540648642,0.7836206066930208,0.14195575661598564,0.26980324355427543,0.4910809126896031,0.2008205621717268,0.9352242012578796,0.09640583757567368,0.8011458777523771,0.5500061454966587,0.29483161402652824,0.18654221024337067,0.7066630034136054,0.816351926421555,0.5283337071801814,0.36236191693663045,0.21110554662646241,0.9214908715242126,0.40457949353552985,0.65275559353719,0.8843764099171512,0.9033528350199109,0.2072962291903411,0.27870783827340484,0.3837462449323045,0.21051348839877576,0.055510058371492144,0.8935114619244285,0.9712666147588682,0.7249700935727205,0.9062072813350158,0.562949870015906,0.509982938299212,0.9560928980600271,0.9371279657381024,0.47939155801346106,0.257437061379656,0.9589761030483914,0.8046003393888641,0.9955868793709782,0.9847030815701415,0.40443280377375923,0.8628545698526606,0.9195530515105738,0.6915576973894858,0.9957098371317927,0.42082060510961744,0.3155767319781037,0.3425619718898572,0.3749132528858972,0.25039746795703915,0.9883482744613387,0.3766661147705992,0.9919304961303894,0.22731881783978658,0.9212385484581077,0.25257504411305853,0.2935995910929864,1.0000000000000002,0.4075416359086624,0.48038492354345436,0.2829813705545377,0.3525499485736564,0.48978088356493743,0.43677437297932575,0.577210834326559,0.8489397920698237,0.8871587657092831,0.5004906141954435
NNVPP80YIZGEY2314M97,0.3813338171395375,0.924578086534572,0.7637670425232329,0.7447891360659823,0.9580100176537126,0.5225759061387074,0.920881567215401,0.955045982689402,0.3442776138336904,0.9355088584671298,0.38996004521269356,0.9360195926871915,0.5170331246580212,0.3723841049675309,0.40772389451508834,0.34416245692824965,0.3411414485683174,0.6040016110480141,0.5448543419066387,0.45572783588920224,0.7443312858227278,0.44529944100187996,0.6692897053965471,0.589319272318041,0.6522681597925403,0.4838181765778349,0.6718918815527215,0.9522026014561588,0.7800481056664814,0.9583290292651782,0.9411406046407587,0.914290114312897,0.8960776296765934,0.8050366638167621,0.8651045154892834,0.14200454375300903,0.5730187285867909,0.6390576678263329,0.7117148730270022,0.6877392109867306,0.13163234172313046,0.3477889193406133,0.8930734284843496,0.9360343292434756,0.5247199496118918,0.8359642050191157,0.8120647980073259,0.9457647003013017,0.6899020200777942,0.6804944744685044,0.6911095505437841,0.7583684083578419,0.7593963971897559,0.29414970968211607,0.6226790944444327,0.6268061345303797,0.8689743129992614,0.6041065545881408,0.6832136313404358,0.5529821542650118,0.9253832344853334,0.9587577263298681,0.8977330627249512,0.8752268370479619,0.5660569563292007,0.6130711778291021,0.49017829923676315,0.6973959890483926,0.5986382681875436,0.9134697630018488,0.7668120120494445,0.5658821808820177,0.6268852887716388,0.530344513337332,0.7303364794197577,0.5074996648544681,0.4764034115578014,0.3394593017998018,0.3549895706900952,0.7946044562056575,0.6504189547401688,0.6230077856967724,0.8386120750539826,0.3393352240224094,0.9809340709655785,0.9784749774741225,0.8036269176634036,0.9666442156480254,0.9226795459578768,0.499042599575622,0.9905743697629543,0.48868429767069876,0.8007828196689336,0.6814462448910017,0.8417299954402847,0.959676182768852,0.4075416359086624,1.0000000000000004,0.7926116122404883,0.9340921179183047,0.721825535177725,0.9404262722300257,0.8845063387934281,0.9358953411645403,0.4194893268409992,0.4479964365505747,0.9244647495045364
O2RNE8IBXP4R0TD8PU41,0.5300062114147207,0.6786486123395535,0.7734478646385825,0.7939531943069011,0.8669647762165416,0.44601443712900724,0.893619817992394,0.8530042507601804,0.41618507859002607,0.8428466738772492,0.4838014339445053,0.905868154324864,0.5745704633079072,0.637368515820964,0.5621634193419115,0.4252560297392226,0.4198440757382712,0.725446884145403,0.6040756444878578,0.5202472657127049,0.7706871774709906,0.5081310801906765,0.693036929256297,0.6799508192261656,0.6015330592235459,0.5317878690971609,0.6140451617362412,0.8699242767461147,0.7456465862086763,0.843959746041597,0.8281258422913548,0.8953995941009831,0.9080911330029088,0.823181143386394,0.7276783386747415,0.48240582215220934,0.5721774476343469,0.5723241469442532,0.6314756842589817,0.7287853669423648,0.3446889351852481,0.3482822355216785,0.901767159793708,0.7858015378934069,0.607448810216484,0.7313544508258829,0.7931698589449981,0.8671334824399655,0.7293863808379554,0.7908290122721217,0.806964812527638,0.7578687069143064,0.6933763825601513,0.546125214831047,0.7309316633859038,0.7206977733111072,0.8967997998019178,0.807438439591192,0.6963709830206855,0.581183314302284,0.7444456892100648,0.7665833173593325,0.8514758642361094,0.8028087340755842,0.5259614187064042,0.7416719896414046,0.574044704340741,0.8139053198428519,0.6149853964469565,0.862623148351847,0.7616399940444116,0.5748946584278927,0.6837883199055177,0.7257552216168225,0.5825817029210246,0.6125437047723346,0.6574821236421639,0.4151975822996648,0.4598744628213964,0.7919749251667425,0.7824102367711369,0.7133126140122772,0.8803139595909971,0.4172868875900467,0.8452979700685826,0.8199972409713348,0.8310376240727234,0.8581077791698036,0.8853344352686143,0.566015225583449,0.773927388523717,0.5564551911287443,0.8145431988716959,0.7209801314721574,0.7832615386055761,0.8003343243273479,0.48038492354345436,0.7926116122404883,1.0,0.8445216799291151,0.7360483978279059,0.9069327708830212,0.9057523331411907,0.8920562817961963,0.6016416580332642,0.5970893711969302,0.8485988427269182
P4GTT6GF1W40CVIMFR43,0.32070685720231634,0.8297970143126429,0.7032296751755469,0.8051535984753853,0.9532622072650607,0.3064692809739065,0.8995984135579227,0.8953672667290791,0.21908289548453577,0.9723828909119003,0.28738026275259737,0.913050504762546,0.4171948740665375,0.3813462074285236,0.38153697483135646,0.22679250011342986,0.22272178498565082,0.5378221695564253,0.44669413155599713,0.3411436336935128,0.6808344019006326,0.3215218249715824,0.571018195734066,0.5039153536208251,0.6842099884944828,0.36993728003241216,0.7605918891594737,0.9492818827739696,0.6979247568192544,0.9813654315202512,0.9616393756622312,0.8930261848195452,0.8898433227475728,0.784123269771874,0.8780004295946753,0.1138560985028329,0.4302166689072332,0.7252922372046544,0.5815940013914535,0.6158405715380716,0.2654875002526914,0.33983134352804195,0.9521554446815327,0.9355826031407041,0.421122442747207,0.8337650910683795,0.7461238594859749,0.9336441238462284,0.7018154747585973,0.7866403268041862,0.6550414232433698,0.705021970060334,0.6577543011989876,0.3265632523665734,0.7830974232756387,0.5563905682061143,0.8853614174091553,0.5909693115884198,0.5788669997880028,0.4312784838268339,0.9588784842306443,0.9615439551922572,0.9456657245907586,0.8897511056149784,0.5852003200596447,0.5125524223458142,0.3959100723717988,0.6782036275105783,0.4413599118248666,0.9096101342747361,0.7046129895880398,0.4119156464566186,0.5620256576206676,0.5594287164599675,0.6704837309049214,0.4456434208075956,0.45982079774220186,0.2192643224019851,0.2493620139562678,0.8716349254561672,0.6225378761729855,0.5353946471639315,0.8078867303511249,0.22034597407879708,0.9589397482520668,0.9703274646822685,0.8505461872153427,0.9466333231717442,0.9688444059592126,0.4007462178992799,0.9145282728300409,0.38228820748537895,0.8362409864423194,0.6144253030878246,0.9275279428976999,0.9658793149894206,0.2829813705545377,0.9340921179183047,0.8445216799291151,0.9999999999999996,0.7767776705505862,0.9547706564441102,0.8919253608482332,0.8918279128512538,0.40136430597855904,0.38971353086065574,0.885005797831297
PSNL19R2RXX5U3QWHI44,0.3878182069894447,0.5968508353930776,0.6333614795032013,0.613618235938211,0.7372097661770691,0.38751087893036645,0.8322540826986553,0.8096940209970421,0.28525524540368447,0.860735900713404,0.3954982653438552,0.8227120425981381,0.4768372100863595,0.291677146118861,0.5730473708471046,0.2927501157000271,0.28826377128388053,0.5412811483955874,0.47986041871021534,0.4071134070630613,0.6462855865373163,0.386392295978534,0.44727057822544286,0.5244023469768958,0.4340487886003905,0.46505797584006553,0.6721123003966551,0.7571271298094319,0.7608994324501772,0.8181425988163926,0.7405123841269617,0.7966258628199515,0.7166499121655203,0.7482135446808873,0.6915410670553755,0.19195633720122995,0.441032244079679,0.6258116181212225,0.6304152531859016,0.7128592222038134,0.1562122017248677,0.7697395505159496,0.7873995993011519,0.7456183031434297,0.47438841547600313,0.695434856605039,0.6942937612530963,0.8429705965047772,0.7294310691822317,0.5956185297866636,0.6258888346564503,0.6371515688691528,0.5743633635462477,0.5525351294128512,0.781471644372485,0.592111515541965,0.816529356042618,0.663586131901533,0.6853326237285821,0.4241244969173929,0.7174777599679719,0.8063411518855806,0.8161010344638867,0.7319075322307353,0.30932463300507756,0.610939760914381,0.5232586315628384,0.8353269629163427,0.5222422230365347,0.8382346168903437,0.762952040915212,0.45454137977561804,0.6198952336885986,0.6552143387098878,0.48830627620298617,0.4922606808571714,0.5575773760653219,0.2866250371979677,0.34828067427177434,0.9158455552878759,0.6923912453662767,0.6030164808247478,0.7657265778110981,0.28698782160329805,0.8018938168979171,0.7603364226003171,0.6299724327939974,0.7257540315293834,0.7730741794883379,0.42188337187678443,0.6983155798133002,0.4217872522514062,0.6361213646886339,0.642409229812067,0.8421215321035852,0.8269812071696483,0.3525499485736564,0.721825535177725,0.7360483978279059,0.7767776705505862,0.9999999999999997,0.8275260071818165,0.7944221165538269,0.7696462261207845,0.5259995118512519,0.4524506787520184,0.830985826841456
R0MUWSFPU8MPRO8K5P83,0.5017871639291129,0.8196780059378203,0.8268513727923155,0.7787689746063586,0.9617752770475267,0.5026499752946846,0.9746226593051143,0.9560187122602517,0.42229230221912123,0.9529879029585132,0.48991338914602284,0.9697053804691406,0.6061067109067088,0.3992945472456909,0.5465976757023613,0.42828376091678555,0.42475679985316117,0.6976322214053079,0.6250549892669931,0.5455794755188142,0.822896655923444,0.5232644570075283,0.6888475048210251,0.6771260876352895,0.6978256856254635,0.5702067471978162,0.6907727563525099,0.959716531757096,0.8349498258334176,0.9714743135600301,0.9327621826975715,0.9608709175247905,0.9427156922359626,0.8578322350269371,0.8575690131405551,0.1786164219538755,0.6214806753152994,0.6144231158620168,0.719082420540372,0.7678652565601692,0.2403306259137604,0.4513284635950062,0.9636938484480586,0.9280123668319578,0.6193254058475363,0.8292625912252422,0.8691067330409447,0.9811861396648603,0.7742618838220372,0.7432376391851448,0.7580835656526711,0.8147719102373925,0.7471601799908458,0.4515740672604387,0.734562179970657,0.7353185965757799,0.9445531685562184,0.7647042074739462,0.7571758734354564,0.613263572184406,0.8930688257031416,0.9190520909224053,0.9195803075033867,0.8997221681449535,0.6049553416599119,0.7160747803574522,0.5989553655701422,0.835766065335077,0.6442234219056547,0.9725058875969335,0.8386439998322455,0.6103487077027546,0.7184194861386154,0.7126774957555665,0.6803949844517606,0.6119496354517777,0.6092692250238534,0.4225018295041484,0.45576162202863946,0.8858870779815935,0.7938803140915258,0.7405627906921961,0.924786246449869,0.42371441288106915,0.9718960133913462,0.9475535505315107,0.8394297258110264,0.9577788532456905,0.9461401911861196,0.5841599954883648,0.9149198598038477,0.576907288920642,0.8148583073928763,0.7723856459929334,0.8848331785338311,0.9343150988408072,0.48978088356493743,0.9404262722300257,0.9069327708830212,0.9547706564441102,0.8275260071818165,0.9999999999999998,0.9526706401455854,0.9645358824516993,0.5623298586669057,0.552064178309142,0.9519440606846902
SI5RG2M0WQQLZCXKRM20,0.4775473990256832,0.7917857124121404,0.7909277800343995,0.8482461869146924,0.9304381837294701,0.515717779795935,0.9393587517379497,0.9419213170392455,0.37099911294604543,0.9180017847766552,0.4379621291309561,0.915281429618962,0.5404018047966024,0.35306506237158625,0.46522897378809985,0.3742844616089681,0.36791832287235227,0.6470785806375059,0.5772698372853258,0.48232479642046755,0.7763590988945444,0.4636090002580041,0.8056655063893662,0.6520631080572664,0.6428850379931885,0.5029721520026551,0.6577394420899639,0.9366357353027328,0.7526008557955901,0.900561123546703,0.9067857933261272,0.9864692871340304,0.885317758994189,0.9275485830126965,0.795114506520016,0.1635186318676551,0.5616870400803947,0.6136401529936079,0.7159803141127712,0.7359593991160924,0.2784236202997292,0.39594434793116356,0.9130080639320279,0.8908289072022149,0.5960945564077144,0.8067708892856014,0.8244965530778526,0.913973975464296,0.8426261936085658,0.8110987754612424,0.8049178903854652,0.7497655017363365,0.801287179040088,0.5840316248306623,0.6815571452247096,0.711032631149729,0.9866179711627595,0.7953035278770695,0.6910470872768472,0.5694917092673035,0.8029755047535696,0.8484393421377635,0.862352955951081,0.9091297952444277,0.5613020332594532,0.6755085493727474,0.5498820515240033,0.8624605029972947,0.6065953653842935,0.9024745438143637,0.85415738165075,0.5896541700872835,0.643913606294042,0.7904177235353874,0.6376662821409403,0.5658691915203593,0.6199088888204097,0.36383838507896954,0.4154672875735169,0.7948049263120476,0.7846459982642462,0.7253061567403515,0.9077188461997561,0.3652504930205338,0.9140137867916258,0.8815164578859649,0.8822026365929138,0.9160109715428557,0.9393311707741109,0.5230896301616758,0.8849309087245157,0.521026646754785,0.895441781963206,0.7097752708412567,0.832306101770938,0.8624834723585407,0.43677437297932575,0.8845063387934281,0.9057523331411907,0.8919253608482332,0.7944221165538269,0.9526706401455854,1.0,0.9491682163228533,0.5506726483856746,0.5544801307617119,0.9091600856496435
TO822O0VT80V06K0FH57,0.5990909216593582,0.8206963081809372,0.8932809826708807,0.8348084367178141,0.9577596455235023,0.6485504315748102,0.971038013132164,0.9771703320352496,0.5163162166736511,0.9031758355883893,0.5802024215938836,0.9651876674768728,0.678944545482798,0.38238358243792747,0.581959688983302,0.5195388814901654,0.5152869674976929,0.7650215686542049,0.7100357959742225,0.6307012248416369,0.8575405760146075,0.6129274339140304,0.8036439361035025,0.7488534726435006,0.6516138572881779,0.6480529479065161,0.582550578348968,0.9490854786829929,0.8791497629152542,0.9301959269608567,0.9100225853661953,0.9713285129504756,0.9347931041361617,0.8716219558344187,0.813758183479987,0.21184722566456324,0.7147596506042105,0.5579309058252674,0.7743169403813118,0.8495263169367608,0.30924902115779845,0.4488406608990365,0.9401233963381082,0.8793238807765283,0.7133530367848255,0.815505794783968,0.9279601183802705,0.96258881791232,0.7447147879421323,0.7773235239035148,0.847849251271046,0.8475438134006523,0.8579239191435174,0.5008580515740774,0.6580502689718908,0.8012098916345027,0.934108834847976,0.7337056448348788,0.8190482018256378,0.7081109180670869,0.8102531586734998,0.867050827891213,0.8765023710292442,0.8461727434252974,0.5665489659575823,0.7804642641095751,0.6816922220699367,0.8620532698819454,0.7393048359768376,0.957775805421798,0.8682469547307499,0.7277835045104641,0.7664160098812388,0.6869102148399372,0.6698212800233236,0.6830715240717159,0.6887156791176758,0.511279773985785,0.5485805411381979,0.8303652540199773,0.8222162754830379,0.7990460921379842,0.9378576873150168,0.5126208664658094,0.9476243120981506,0.9030841244987479,0.8880660874786369,0.9525339662893053,0.8983717786574933,0.6586950435909771,0.9254839756886251,0.6546748672364001,0.8620913802515385,0.8139366773586344,0.7742081896243517,0.8864942902383668,0.577210834326559,0.9358953411645403,0.8920562817961963,0.8918279128512538,0.7696462261207845,0.9645358824516993,0.9491682163228533,0.9999999999999999,0.6656790198983725,0.6518826390715204,0.9712986185314408
TUKDD90GPC79G1KOE162,0.9168229049746984,0.2568820893580672,0.8133516297515283,0.5580020487778861,0.4996359212924579,0.7188269926643234,0.6158018655958609,0.5974749053100652,0.833656813087373,0.40251302557205015,0.8904318677165147,0.5833501210296748,0.8832668275511635,0.09176985029508017,0.7606976334635369,0.8409921789673978,0.8389129446752598,0.8756918480767226,0.8934083872318925,0.8714656665170211,0.8398824137473698,0.866363325395592,0.5906177418886654,0.8567414845671457,0.1390042733902269,0.8715519815099002,0.18286113470778037,0.4527815095324777,0.8300627965542036,0.4666677456901816,0.37614173929211253,0.5879591987169754,0.5160776721967372,0.49358867166316406,0.26944468946761424,0.1660134732603084,0.8639546460780105,0.18838577059120107,0.512179557187512,0.9024870137179062,0.5549996063409905,0.43704197276522944,0.6303285236964669,0.29739456266731074,0.91869049302221,0.28302079617427556,0.8246516268679508,0.6047288376338293,0.4356399232236798,0.5223447848600551,0.8056089463002325,0.7648153855946563,0.6113168571667918,0.535561302256226,0.44912801178533807,0.898971965958075,0.5494718507649892,0.5970326966628885,0.859088477642302,0.8808977038981922,0.23237171040691942,0.34237412452812016,0.47990369703403585,0.3132546028983889,0.07372196474147512,0.8439483595547206,0.9220847506495978,0.7974374864951834,0.8307599669746997,0.6387562050626172,0.5990214982042081,0.860013145679346,0.8819674879184968,0.59469070775088,0.29322882662813854,0.9028015090087999,0.8750828447684351,0.8350290137674132,0.8670538137064061,0.5563716748141115,0.8728821666559328,0.8599134549172446,0.7454950728080403,0.8389259684946089,0.4564062236460013,0.34834770618232186,0.5890930877189565,0.4547810883858841,0.3668652820955383,0.8726892807789436,0.39120699490874666,0.8729510315184521,0.48716946724792776,0.8728559934512388,0.32214907571848334,0.3675977670691417,0.8489397920698237,0.4194893268409992,0.6016416580332642,0.40136430597855904,0.5259995118512519,0.5623298586669057,0.5506726483856746,0.6656790198983725,1.0,0.8869204168665457,0.6043035457126471
VDYMYTQGZZ6DU0912C88,0.9695767755847068,0.2997269654743184,0.7927590347996163,0.46987952129943017,0.480818974787916,0.7101004137164355,0.5957219247023386,0.5732618837775691,0.8758172170839236,0.381434117780622,0.9202379713799748,0.5586197976076435,0.9097035933213381,0.08373505049811662,0.7140253826104064,0.8866366778251328,0.8873046768824588,0.9467120524742737,0.938850943292394,0.8908035280198265,0.8626340907122796,0.8985121185237123,0.535171134154509,0.911967985621321,0.10620121656674589,0.891991137868438,0.17110358792507027,0.4690930928302966,0.7855373966252215,0.43659408199151517,0.37220014252090855,0.5660360965576146,0.5074182708879905,0.5280162223805729,0.34296149357894196,0.1803239709933397,0.871548051758236,0.349688357813425,0.44020253606945503,0.8398163112641289,0.23483485586328798,0.2591530660998017,0.6181739878994966,0.26581966723358585,0.8878018625529114,0.19891558305756082,0.835018181968139,0.6055817327604658,0.3553796771504895,0.43823512555665484,0.8856969224384054,0.7983633244237867,0.5279244536230479,0.6762694285232324,0.34124284186353243,0.9432172868633316,0.5032577606640459,0.6124323479385353,0.818715406931076,0.8305222891106111,0.27053327738244287,0.3554964690831776,0.5468377102470658,0.2779853275152882,0.06296777790596064,0.8284600428318472,0.9032056189662098,0.8063342537852906,0.8219848381629707,0.6131364851737795,0.5595233941069403,0.8749558197924003,0.9058163779416782,0.4979176911704737,0.3397592871180121,0.9583857639195255,0.9712094081493012,0.8773425927787477,0.925752561855368,0.46814291033065336,0.8801794479579791,0.8703701882001577,0.7497719118289657,0.8770197993920579,0.4797700823147453,0.3794993698976523,0.5178112111016138,0.4169060844146584,0.39717661947489974,0.9167207208961271,0.41546407384344813,0.9135443367202778,0.4424873263744563,0.8860931907768342,0.35180519977446517,0.37320591049508467,0.8871587657092831,0.4479964365505747,0.5970893711969302,0.38971353086065574,0.4524506787520184,0.552064178309142,0.5544801307617119,0.6518826390715204,0.8869204168665457,1.0000000000000002,0.5669651827716369
VWMYAEQSTOPNV0SUGU82,0.5132757710751338,0.8066949560675045,0.8520914977987012,0.7773036730498387,0.9423762004577863,0.6016519895239032,0.9640913345220005,0.9517553131348305,0.43579882952356686,0.9176995482289853,0.5145612015517039,0.969338440268828,0.6157963328919813,0.403734110673016,0.586505030685401,0.4386874486614132,0.4342478576744212,0.6947949133049192,0.6359473958670768,0.572100374392806,0.7781560198066345,0.5436345392628018,0.734857061984254,0.6729650556082993,0.7223600119020382,0.5974683432257705,0.608781154198523,0.9471689669222798,0.8674083364235662,0.9396012161670995,0.9128180102840073,0.930007272317089,0.9484430135442334,0.831908514894207,0.8438422156280562,0.2189619522590358,0.6454279308109427,0.5240069966397171,0.803001585883171,0.8262842062852712,0.2233783744756016,0.6032674052301225,0.9162414964790686,0.8886370551112556,0.6273618770794694,0.8632182662226617,0.8846216908971613,0.9619156174900092,0.6818651523586378,0.7186375159909337,0.7795655529735431,0.7908638713153284,0.8400990754376534,0.4721878052495094,0.6752379068658457,0.7328431474333489,0.893694545364445,0.6597279002714128,0.8069942776146549,0.6224563715399601,0.8154402186283958,0.8740735540898755,0.8610340082062279,0.817367121387288,0.6320682904641195,0.7397452405036697,0.6349118968842854,0.8406019335302928,0.6909400961668472,0.9706139242778657,0.8781318669353335,0.6682238291130681,0.7162711237894952,0.6150529998993853,0.647458397340837,0.6064782332179405,0.6336173592169124,0.4322203536201605,0.47076012690365,0.8761633094170438,0.7524412137465702,0.7408552763191661,0.8901464863149338,0.4327167405843061,0.9481399764508036,0.9046729322708204,0.8363375006264124,0.9493348420213277,0.8798611996953238,0.5819975965179616,0.9104671830763996,0.5807673186229602,0.8049818284366569,0.7545898078499538,0.7725612165699463,0.9035967817933511,0.5004906141954435,0.9244647495045364,0.8485988427269182,0.885005797831297,0.830985826841456,0.9519440606846902,0.9091600856496435,0.9712986185314408,0.6043035457126471,0.5669651827716369,1.0000000000000002
